experiment,system,plant_no,target_total_weight_g,harvest_plant_height_cm,harvest_shoot_weight_g,harvest_root_weight_g,harvest_root_length_cm,harvest_no_of_leaves,head_diameter_average_cm,canopy_area_cm2,replicate,water_ph_mean,water_ph_min,water_ph_max,water_ph_std,water_ec_mean,water_ec_min,water_ec_max,water_ec_std,water_tds_mean,water_tds_min,water_tds_max,water_tds_std,water_water_temperature_mean,water_water_temperature_min,water_water_temperature_max,water_water_temperature_std,total_nutrient_solution_added_ml,total_water_consumption_l,total_acid_consumption_ml,env_air_temperature_mean,env_air_temperature_min,env_air_temperature_max,env_air_temperature_std,env_humidity_mean,env_humidity_min,env_humidity_max,env_humidity_std,env_co2_mean,env_co2_min,env_co2_max,env_co2_std,initial_height_mean_cm,initial_weight_mean_g,initial_root_length_mean_cm
Experiment 1,R1-T1,1,243.0,42.0,208.0,33.0,28.5,30.0,25.5,648.0,R1,6.060526315789474,5.2,6.9,0.45453242237676483,1.816315789473684,1.23,2.02,0.148207199424383,0.8002439024390244,0.0,1.01,0.3062976219211097,24.45,19.3,28.7,2.1956595939788977,314.0,70.0,78.0,19.931125,9.81,37.27,5.074280539056289,57.39781250000001,41.16,67.65,5.6814177429953645,456.084,401.85,554.7,31.700286604846667,9.75,1.224,7.1
Experiment 1,R1-T1,2,241.0,54.0,189.0,41.0,43.5,34.0,27.0,729.0,R1,6.060526315789474,5.2,6.9,0.45453242237676483,1.816315789473684,1.23,2.02,0.148207199424383,0.8002439024390244,0.0,1.01,0.3062976219211097,24.45,19.3,28.7,2.1956595939788977,314.0,70.0,78.0,19.931125,9.81,37.27,5.074280539056289,57.39781250000001,41.16,67.65,5.6814177429953645,456.084,401.85,554.7,31.700286604846667,9.75,1.224,7.1
Experiment 1,R1-T1,3,251.0,62.0,208.0,39.0,48.5,34.0,26.25,689.0,R1,6.060526315789474,5.2,6.9,0.45453242237676483,1.816315789473684,1.23,2.02,0.148207199424383,0.8002439024390244,0.0,1.01,0.3062976219211097,24.45,19.3,28.7,2.1956595939788977,314.0,70.0,78.0,19.931125,9.81,37.27,5.074280539056289,57.39781250000001,41.16,67.65,5.6814177429953645,456.084,401.85,554.7,31.700286604846667,9.75,1.224,7.1
Experiment 1,R1-T1,4,200.0,55.0,183.0,15.0,41.5,26.0,26.0,676.0,R1,6.060526315789474,5.2,6.9,0.45453242237676483,1.816315789473684,1.23,2.02,0.148207199424383,0.8002439024390244,0.0,1.01,0.3062976219211097,24.45,19.3,28.7,2.1956595939788977,314.0,70.0,78.0,19.931125,9.81,37.27,5.074280539056289,57.39781250000001,41.16,67.65,5.6814177429953645,456.084,401.85,554.7,31.700286604846667,9.75,1.224,7.1
Experiment 1,R1-T1,5,200.0,66.0,174.0,22.0,52.0,25.0,27.5,754.0,R1,6.060526315789474,5.2,6.9,0.45453242237676483,1.816315789473684,1.23,2.02,0.148207199424383,0.8002439024390244,0.0,1.01,0.3062976219211097,24.45,19.3,28.7,2.1956595939788977,314.0,70.0,78.0,19.931125,9.81,37.27,5.074280539056289,57.39781250000001,41.16,67.65,5.6814177429953645,456.084,401.85,554.7,31.700286604846667,9.75,1.224,7.1
Experiment 1,R1-T1,6,209.0,60.0,171.0,33.0,47.0,27.0,23.25,540.5,R1,6.060526315789474,5.2,6.9,0.45453242237676483,1.816315789473684,1.23,2.02,0.148207199424383,0.8002439024390244,0.0,1.01,0.3062976219211097,24.45,19.3,28.7,2.1956595939788977,314.0,70.0,78.0,19.931125,9.81,37.27,5.074280539056289,57.39781250000001,41.16,67.65,5.6814177429953645,456.084,401.85,554.7,31.700286604846667,9.75,1.224,7.1
Experiment 1,R1-T1,7,252.0,67.0,205.0,41.0,51.0,25.0,26.0,675.0,R1,6.060526315789474,5.2,6.9,0.45453242237676483,1.816315789473684,1.23,2.02,0.148207199424383,0.8002439024390244,0.0,1.01,0.3062976219211097,24.45,19.3,28.7,2.1956595939788977,314.0,70.0,78.0,19.931125,9.81,37.27,5.074280539056289,57.39781250000001,41.16,67.65,5.6814177429953645,456.084,401.85,554.7,31.700286604846667,9.75,1.224,7.1
Experiment 1,R1-T1,8,229.0,67.0,188.0,36.0,53.5,23.0,26.0,675.0,R1,6.060526315789474,5.2,6.9,0.45453242237676483,1.816315789473684,1.23,2.02,0.148207199424383,0.8002439024390244,0.0,1.01,0.3062976219211097,24.45,19.3,28.7,2.1956595939788977,314.0,70.0,78.0,19.931125,9.81,37.27,5.074280539056289,57.39781250000001,41.16,67.65,5.6814177429953645,456.084,401.85,554.7,31.700286604846667,9.75,1.224,7.1
Experiment 1,R1-T1,9,232.0,58.0,190.0,37.0,44.5,24.0,25.0,625.0,R1,6.060526315789474,5.2,6.9,0.45453242237676483,1.816315789473684,1.23,2.02,0.148207199424383,0.8002439024390244,0.0,1.01,0.3062976219211097,24.45,19.3,28.7,2.1956595939788977,314.0,70.0,78.0,19.931125,9.81,37.27,5.074280539056289,57.39781250000001,41.16,67.65,5.6814177429953645,456.084,401.85,554.7,31.700286604846667,9.75,1.224,7.1
Experiment 1,R1-T1,10,195.0,48.0,165.0,23.0,36.0,30.0,23.5,552.0,R1,6.060526315789474,5.2,6.9,0.45453242237676483,1.816315789473684,1.23,2.02,0.148207199424383,0.8002439024390244,0.0,1.01,0.3062976219211097,24.45,19.3,28.7,2.1956595939788977,314.0,70.0,78.0,19.931125,9.81,37.27,5.074280539056289,57.39781250000001,41.16,67.65,5.6814177429953645,456.084,401.85,554.7,31.700286604846667,9.75,1.224,7.1
Experiment 1,R1-T1,11,246.0,53.0,228.0,14.0,39.0,25.0,26.0,676.0,R1,6.060526315789474,5.2,6.9,0.45453242237676483,1.816315789473684,1.23,2.02,0.148207199424383,0.8002439024390244,0.0,1.01,0.3062976219211097,24.45,19.3,28.7,2.1956595939788977,314.0,70.0,78.0,19.931125,9.81,37.27,5.074280539056289,57.39781250000001,41.16,67.65,5.6814177429953645,456.084,401.85,554.7,31.700286604846667,9.75,1.224,7.1
Experiment 1,R1-T1,12,203.0,47.0,169.0,18.0,35.0,30.0,24.0,575.0,R1,6.060526315789474,5.2,6.9,0.45453242237676483,1.816315789473684,1.23,2.02,0.148207199424383,0.8002439024390244,0.0,1.01,0.3062976219211097,24.45,19.3,28.7,2.1956595939788977,314.0,70.0,78.0,19.931125,9.81,37.27,5.074280539056289,57.39781250000001,41.16,67.65,5.6814177429953645,456.084,401.85,554.7,31.700286604846667,9.75,1.224,7.1
Experiment 1,R1-T2,1,279.0,55.0,238.0,33.0,41.0,27.0,27.0,729.0,R1,6.068421052631578,5.5,6.9,0.38189641965624715,1.8478947368421053,1.15,2.03,0.17465993868894342,0.8120731707317074,0.0,1.015,0.3140801039849782,24.2578947368421,19.1,28.3,1.978387378775606,350.0,50.0,70.0,19.931125,9.81,37.27,5.074280539056289,57.39781250000001,41.16,67.65,5.6814177429953645,456.084,401.85,554.7,31.700286604846667,9.75,1.224,7.1
Experiment 1,R1-T2,2,219.0,55.0,180.0,37.0,45.0,22.0,25.0,625.0,R1,6.068421052631578,5.5,6.9,0.38189641965624715,1.8478947368421053,1.15,2.03,0.17465993868894342,0.8120731707317074,0.0,1.015,0.3140801039849782,24.2578947368421,19.1,28.3,1.978387378775606,350.0,50.0,70.0,19.931125,9.81,37.27,5.074280539056289,57.39781250000001,41.16,67.65,5.6814177429953645,456.084,401.85,554.7,31.700286604846667,9.75,1.224,7.1
Experiment 1,R1-T2,3,244.0,56.0,192.0,41.0,42.0,24.0,27.0,729.0,R1,6.068421052631578,5.5,6.9,0.38189641965624715,1.8478947368421053,1.15,2.03,0.17465993868894342,0.8120731707317074,0.0,1.015,0.3140801039849782,24.2578947368421,19.1,28.3,1.978387378775606,350.0,50.0,70.0,19.931125,9.81,37.27,5.074280539056289,57.39781250000001,41.16,67.65,5.6814177429953645,456.084,401.85,554.7,31.700286604846667,9.75,1.224,7.1
Experiment 1,R1-T2,4,304.0,57.0,172.0,129.0,44.0,22.0,25.5,650.0,R1,6.068421052631578,5.5,6.9,0.38189641965624715,1.8478947368421053,1.15,2.03,0.17465993868894342,0.8120731707317074,0.0,1.015,0.3140801039849782,24.2578947368421,19.1,28.3,1.978387378775606,350.0,50.0,70.0,19.931125,9.81,37.27,5.074280539056289,57.39781250000001,41.16,67.65,5.6814177429953645,456.084,401.85,554.7,31.700286604846667,9.75,1.224,7.1
Experiment 1,R1-T2,5,236.0,57.0,200.0,31.0,45.0,23.0,28.0,783.0,R1,6.068421052631578,5.5,6.9,0.38189641965624715,1.8478947368421053,1.15,2.03,0.17465993868894342,0.8120731707317074,0.0,1.015,0.3140801039849782,24.2578947368421,19.1,28.3,1.978387378775606,350.0,50.0,70.0,19.931125,9.81,37.27,5.074280539056289,57.39781250000001,41.16,67.65,5.6814177429953645,456.084,401.85,554.7,31.700286604846667,9.75,1.224,7.1
Experiment 1,R1-T2,6,236.0,58.0,205.0,25.0,46.0,24.0,27.0,728.0,R1,6.068421052631578,5.5,6.9,0.38189641965624715,1.8478947368421053,1.15,2.03,0.17465993868894342,0.8120731707317074,0.0,1.015,0.3140801039849782,24.2578947368421,19.1,28.3,1.978387378775606,350.0,50.0,70.0,19.931125,9.81,37.27,5.074280539056289,57.39781250000001,41.16,67.65,5.6814177429953645,456.084,401.85,554.7,31.700286604846667,9.75,1.224,7.1
Experiment 1,R1-T2,7,150.0,54.0,107.0,39.0,43.0,26.0,24.0,575.0,R1,6.068421052631578,5.5,6.9,0.38189641965624715,1.8478947368421053,1.15,2.03,0.17465993868894342,0.8120731707317074,0.0,1.015,0.3140801039849782,24.2578947368421,19.1,28.3,1.978387378775606,350.0,50.0,70.0,19.931125,9.81,37.27,5.074280539056289,57.39781250000001,41.16,67.65,5.6814177429953645,456.084,401.85,554.7,31.700286604846667,9.75,1.224,7.1
Experiment 1,R1-T2,8,192.0,54.0,171.0,13.0,42.0,22.0,26.0,676.0,R1,6.068421052631578,5.5,6.9,0.38189641965624715,1.8478947368421053,1.15,2.03,0.17465993868894342,0.8120731707317074,0.0,1.015,0.3140801039849782,24.2578947368421,19.1,28.3,1.978387378775606,350.0,50.0,70.0,19.931125,9.81,37.27,5.074280539056289,57.39781250000001,41.16,67.65,5.6814177429953645,456.084,401.85,554.7,31.700286604846667,9.75,1.224,7.1
Experiment 1,R1-T2,9,230.0,61.0,216.0,10.0,48.5,25.0,26.0,675.0,R1,6.068421052631578,5.5,6.9,0.38189641965624715,1.8478947368421053,1.15,2.03,0.17465993868894342,0.8120731707317074,0.0,1.015,0.3140801039849782,24.2578947368421,19.1,28.3,1.978387378775606,350.0,50.0,70.0,19.931125,9.81,37.27,5.074280539056289,57.39781250000001,41.16,67.65,5.6814177429953645,456.084,401.85,554.7,31.700286604846667,9.75,1.224,7.1
Experiment 1,R1-T2,10,269.0,63.0,255.0,9.0,50.0,25.0,27.0,729.0,R1,6.068421052631578,5.5,6.9,0.38189641965624715,1.8478947368421053,1.15,2.03,0.17465993868894342,0.8120731707317074,0.0,1.015,0.3140801039849782,24.2578947368421,19.1,28.3,1.978387378775606,350.0,50.0,70.0,19.931125,9.81,37.27,5.074280539056289,57.39781250000001,41.16,67.65,5.6814177429953645,456.084,401.85,554.7,31.700286604846667,9.75,1.224,7.1
Experiment 1,R1-T2,11,281.0,67.0,142.0,126.0,52.0,24.0,27.0,728.0,R1,6.068421052631578,5.5,6.9,0.38189641965624715,1.8478947368421053,1.15,2.03,0.17465993868894342,0.8120731707317074,0.0,1.015,0.3140801039849782,24.2578947368421,19.1,28.3,1.978387378775606,350.0,50.0,70.0,19.931125,9.81,37.27,5.074280539056289,57.39781250000001,41.16,67.65,5.6814177429953645,456.084,401.85,554.7,31.700286604846667,9.75,1.224,7.1
Experiment 1,R1-T2,12,229.0,50.0,210.0,14.0,37.0,23.0,28.0,783.0,R1,6.068421052631578,5.5,6.9,0.38189641965624715,1.8478947368421053,1.15,2.03,0.17465993868894342,0.8120731707317074,0.0,1.015,0.3140801039849782,24.2578947368421,19.1,28.3,1.978387378775606,350.0,50.0,70.0,19.931125,9.81,37.27,5.074280539056289,57.39781250000001,41.16,67.65,5.6814177429953645,456.084,401.85,554.7,31.700286604846667,9.75,1.224,7.1
Experiment 1,R1-T3,1,187.0,55.0,152.0,31.0,41.5,23.0,24.5,600.0,R1,6.002631578947369,5.3,6.9,0.408776635768409,1.8276315789473685,1.29,2.03,0.17874466073036188,0.8080487804878049,0.0,1.015,0.31199569659473625,24.30526315789474,18.9,28.1,1.9266752612536628,350.0,50.0,70.0,19.931125,9.81,37.27,5.074280539056289,57.39781250000001,41.16,67.65,5.6814177429953645,456.084,401.85,554.7,31.700286604846667,9.75,1.224,7.1
Experiment 1,R1-T3,2,265.0,63.0,225.0,31.0,50.0,24.0,27.5,756.0,R1,6.002631578947369,5.3,6.9,0.408776635768409,1.8276315789473685,1.29,2.03,0.17874466073036188,0.8080487804878049,0.0,1.015,0.31199569659473625,24.30526315789474,18.9,28.1,1.9266752612536628,350.0,50.0,70.0,19.931125,9.81,37.27,5.074280539056289,57.39781250000001,41.16,67.65,5.6814177429953645,456.084,401.85,554.7,31.700286604846667,9.75,1.224,7.1
Experiment 1,R1-T3,3,262.0,60.0,224.0,28.0,44.0,21.0,27.5,756.0,R1,6.002631578947369,5.3,6.9,0.408776635768409,1.8276315789473685,1.29,2.03,0.17874466073036188,0.8080487804878049,0.0,1.015,0.31199569659473625,24.30526315789474,18.9,28.1,1.9266752612536628,350.0,50.0,70.0,19.931125,9.81,37.27,5.074280539056289,57.39781250000001,41.16,67.65,5.6814177429953645,456.084,401.85,554.7,31.700286604846667,9.75,1.224,7.1
Experiment 1,R1-T3,4,244.0,63.0,200.0,34.0,51.0,22.0,29.5,870.0,R1,6.002631578947369,5.3,6.9,0.408776635768409,1.8276315789473685,1.29,2.03,0.17874466073036188,0.8080487804878049,0.0,1.015,0.31199569659473625,24.30526315789474,18.9,28.1,1.9266752612536628,350.0,50.0,70.0,19.931125,9.81,37.27,5.074280539056289,57.39781250000001,41.16,67.65,5.6814177429953645,456.084,401.85,554.7,31.700286604846667,9.75,1.224,7.1
Experiment 1,R1-T3,5,280.0,58.0,257.0,18.0,45.0,22.0,26.5,702.0,R1,6.002631578947369,5.3,6.9,0.408776635768409,1.8276315789473685,1.29,2.03,0.17874466073036188,0.8080487804878049,0.0,1.015,0.31199569659473625,24.30526315789474,18.9,28.1,1.9266752612536628,350.0,50.0,70.0,19.931125,9.81,37.27,5.074280539056289,57.39781250000001,41.16,67.65,5.6814177429953645,456.084,401.85,554.7,31.700286604846667,9.75,1.224,7.1
Experiment 1,R1-T3,6,228.0,54.0,184.0,38.0,42.5,21.0,28.0,783.0,R1,6.002631578947369,5.3,6.9,0.408776635768409,1.8276315789473685,1.29,2.03,0.17874466073036188,0.8080487804878049,0.0,1.015,0.31199569659473625,24.30526315789474,18.9,28.1,1.9266752612536628,350.0,50.0,70.0,19.931125,9.81,37.27,5.074280539056289,57.39781250000001,41.16,67.65,5.6814177429953645,456.084,401.85,554.7,31.700286604846667,9.75,1.224,7.1
Experiment 1,R1-T3,7,305.0,68.0,260.0,40.0,49.0,23.0,29.0,841.0,R1,6.002631578947369,5.3,6.9,0.408776635768409,1.8276315789473685,1.29,2.03,0.17874466073036188,0.8080487804878049,0.0,1.015,0.31199569659473625,24.30526315789474,18.9,28.1,1.9266752612536628,350.0,50.0,70.0,19.931125,9.81,37.27,5.074280539056289,57.39781250000001,41.16,67.65,5.6814177429953645,456.084,401.85,554.7,31.700286604846667,9.75,1.224,7.1
Experiment 1,R1-T3,8,209.0,61.0,173.0,33.0,47.5,21.0,25.5,650.0,R1,6.002631578947369,5.3,6.9,0.408776635768409,1.8276315789473685,1.29,2.03,0.17874466073036188,0.8080487804878049,0.0,1.015,0.31199569659473625,24.30526315789474,18.9,28.1,1.9266752612536628,350.0,50.0,70.0,19.931125,9.81,37.27,5.074280539056289,57.39781250000001,41.16,67.65,5.6814177429953645,456.084,401.85,554.7,31.700286604846667,9.75,1.224,7.1
Experiment 1,R1-T3,9,241.0,54.0,200.0,33.0,41.0,26.0,27.5,756.0,R1,6.002631578947369,5.3,6.9,0.408776635768409,1.8276315789473685,1.29,2.03,0.17874466073036188,0.8080487804878049,0.0,1.015,0.31199569659473625,24.30526315789474,18.9,28.1,1.9266752612536628,350.0,50.0,70.0,19.931125,9.81,37.27,5.074280539056289,57.39781250000001,41.16,67.65,5.6814177429953645,456.084,401.85,554.7,31.700286604846667,9.75,1.224,7.1
Experiment 1,R1-T3,10,207.0,57.0,173.0,24.0,46.0,20.0,26.0,676.0,R1,6.002631578947369,5.3,6.9,0.408776635768409,1.8276315789473685,1.29,2.03,0.17874466073036188,0.8080487804878049,0.0,1.015,0.31199569659473625,24.30526315789474,18.9,28.1,1.9266752612536628,350.0,50.0,70.0,19.931125,9.81,37.27,5.074280539056289,57.39781250000001,41.16,67.65,5.6814177429953645,456.084,401.85,554.7,31.700286604846667,9.75,1.224,7.1
Experiment 1,R1-T3,11,232.0,70.0,190.0,33.0,58.0,32.0,28.0,784.0,R1,6.002631578947369,5.3,6.9,0.408776635768409,1.8276315789473685,1.29,2.03,0.17874466073036188,0.8080487804878049,0.0,1.015,0.31199569659473625,24.30526315789474,18.9,28.1,1.9266752612536628,350.0,50.0,70.0,19.931125,9.81,37.27,5.074280539056289,57.39781250000001,41.16,67.65,5.6814177429953645,456.084,401.85,554.7,31.700286604846667,9.75,1.224,7.1
Experiment 1,R1-T3,12,174.0,64.0,140.0,24.0,52.0,18.0,24.0,576.0,R1,6.002631578947369,5.3,6.9,0.408776635768409,1.8276315789473685,1.29,2.03,0.17874466073036188,0.8080487804878049,0.0,1.015,0.31199569659473625,24.30526315789474,18.9,28.1,1.9266752612536628,350.0,50.0,70.0,19.931125,9.81,37.27,5.074280539056289,57.39781250000001,41.16,67.65,5.6814177429953645,456.084,401.85,554.7,31.700286604846667,9.75,1.224,7.1
Experiment 1,R2-T1,1,207.0,71.0,177.0,21.0,56.0,22.0,25.0,624.0,R2,5.805263157894736,5.0,6.8,0.47180915433715725,1.831052631578947,1.51,1.98,0.11261928117811261,0.8035365853658537,0.0,0.99,0.30428092744674695,24.971052631578942,18.6,29.5,2.246741253546525,374.0,50.0,70.0,19.931125,9.81,37.27,5.074280539056289,57.39781250000001,41.16,67.65,5.6814177429953645,456.084,401.85,554.7,31.700286604846667,9.75,1.224,7.1
Experiment 1,R2-T1,2,264.0,59.0,155.0,99.0,43.0,21.0,27.0,729.0,R2,5.805263157894736,5.0,6.8,0.47180915433715725,1.831052631578947,1.51,1.98,0.11261928117811261,0.8035365853658537,0.0,0.99,0.30428092744674695,24.971052631578942,18.6,29.5,2.246741253546525,374.0,50.0,70.0,19.931125,9.81,37.27,5.074280539056289,57.39781250000001,41.16,67.65,5.6814177429953645,456.084,401.85,554.7,31.700286604846667,9.75,1.224,7.1
Experiment 1,R2-T1,3,250.0,63.0,221.0,15.0,49.0,22.0,28.5,812.0,R2,5.805263157894736,5.0,6.8,0.47180915433715725,1.831052631578947,1.51,1.98,0.11261928117811261,0.8035365853658537,0.0,0.99,0.30428092744674695,24.971052631578942,18.6,29.5,2.246741253546525,374.0,50.0,70.0,19.931125,9.81,37.27,5.074280539056289,57.39781250000001,41.16,67.65,5.6814177429953645,456.084,401.85,554.7,31.700286604846667,9.75,1.224,7.1
Experiment 1,R2-T1,4,275.0,56.0,173.0,72.0,40.0,23.0,28.0,784.0,R2,5.805263157894736,5.0,6.8,0.47180915433715725,1.831052631578947,1.51,1.98,0.11261928117811261,0.8035365853658537,0.0,0.99,0.30428092744674695,24.971052631578942,18.6,29.5,2.246741253546525,374.0,50.0,70.0,19.931125,9.81,37.27,5.074280539056289,57.39781250000001,41.16,67.65,5.6814177429953645,456.084,401.85,554.7,31.700286604846667,9.75,1.224,7.1
Experiment 1,R2-T1,5,220.0,64.0,165.0,49.0,48.5,29.0,28.5,812.0,R2,5.805263157894736,5.0,6.8,0.47180915433715725,1.831052631578947,1.51,1.98,0.11261928117811261,0.8035365853658537,0.0,0.99,0.30428092744674695,24.971052631578942,18.6,29.5,2.246741253546525,374.0,50.0,70.0,19.931125,9.81,37.27,5.074280539056289,57.39781250000001,41.16,67.65,5.6814177429953645,456.084,401.85,554.7,31.700286604846667,9.75,1.224,7.1
Experiment 1,R2-T1,6,250.0,57.0,216.0,28.0,43.0,26.0,28.5,812.0,R2,5.805263157894736,5.0,6.8,0.47180915433715725,1.831052631578947,1.51,1.98,0.11261928117811261,0.8035365853658537,0.0,0.99,0.30428092744674695,24.971052631578942,18.6,29.5,2.246741253546525,374.0,50.0,70.0,19.931125,9.81,37.27,5.074280539056289,57.39781250000001,41.16,67.65,5.6814177429953645,456.084,401.85,554.7,31.700286604846667,9.75,1.224,7.1
Experiment 1,R2-T1,7,270.0,57.0,215.0,47.0,43.5,21.0,25.5,650.0,R2,5.805263157894736,5.0,6.8,0.47180915433715725,1.831052631578947,1.51,1.98,0.11261928117811261,0.8035365853658537,0.0,0.99,0.30428092744674695,24.971052631578942,18.6,29.5,2.246741253546525,374.0,50.0,70.0,19.931125,9.81,37.27,5.074280539056289,57.39781250000001,41.16,67.65,5.6814177429953645,456.084,401.85,554.7,31.700286604846667,9.75,1.224,7.1
Experiment 1,R2-T1,8,244.0,50.0,211.0,24.0,37.0,24.0,26.5,702.0,R2,5.805263157894736,5.0,6.8,0.47180915433715725,1.831052631578947,1.51,1.98,0.11261928117811261,0.8035365853658537,0.0,0.99,0.30428092744674695,24.971052631578942,18.6,29.5,2.246741253546525,374.0,50.0,70.0,19.931125,9.81,37.27,5.074280539056289,57.39781250000001,41.16,67.65,5.6814177429953645,456.084,401.85,554.7,31.700286604846667,9.75,1.224,7.1
Experiment 1,R2-T1,9,282.0,64.0,200.0,74.0,48.0,26.0,27.25,742.5,R2,5.805263157894736,5.0,6.8,0.47180915433715725,1.831052631578947,1.51,1.98,0.11261928117811261,0.8035365853658537,0.0,0.99,0.30428092744674695,24.971052631578942,18.6,29.5,2.246741253546525,374.0,50.0,70.0,19.931125,9.81,37.27,5.074280539056289,57.39781250000001,41.16,67.65,5.6814177429953645,456.084,401.85,554.7,31.700286604846667,9.75,1.224,7.1
Experiment 1,R2-T1,10,202.0,58.0,170.0,28.0,46.0,22.0,26.5,702.0,R2,5.805263157894736,5.0,6.8,0.47180915433715725,1.831052631578947,1.51,1.98,0.11261928117811261,0.8035365853658537,0.0,0.99,0.30428092744674695,24.971052631578942,18.6,29.5,2.246741253546525,374.0,50.0,70.0,19.931125,9.81,37.27,5.074280539056289,57.39781250000001,41.16,67.65,5.6814177429953645,456.084,401.85,554.7,31.700286604846667,9.75,1.224,7.1
Experiment 1,R2-T1,11,200.0,56.0,162.0,35.0,44.0,21.0,24.5,600.0,R2,5.805263157894736,5.0,6.8,0.47180915433715725,1.831052631578947,1.51,1.98,0.11261928117811261,0.8035365853658537,0.0,0.99,0.30428092744674695,24.971052631578942,18.6,29.5,2.246741253546525,374.0,50.0,70.0,19.931125,9.81,37.27,5.074280539056289,57.39781250000001,41.16,67.65,5.6814177429953645,456.084,401.85,554.7,31.700286604846667,9.75,1.224,7.1
Experiment 1,R2-T1,12,207.0,70.0,126.0,68.0,58.5,21.0,26.5,702.0,R2,5.805263157894736,5.0,6.8,0.47180915433715725,1.831052631578947,1.51,1.98,0.11261928117811261,0.8035365853658537,0.0,0.99,0.30428092744674695,24.971052631578942,18.6,29.5,2.246741253546525,374.0,50.0,70.0,19.931125,9.81,37.27,5.074280539056289,57.39781250000001,41.16,67.65,5.6814177429953645,456.084,401.85,554.7,31.700286604846667,9.75,1.224,7.1
Experiment 1,R2-T2,1,270.0,55.0,230.0,35.0,41.0,43.0,28.0,783.0,R2,6.157894736842104,5.4,7.3,0.4422618770220151,1.803157894736842,0.92,2.1,0.2316429337438606,0.7960975609756098,0.0,1.05,0.316222968950094,24.092105263157897,19.7,28.8,2.142966657272769,374.0,60.0,70.0,19.931125,9.81,37.27,5.074280539056289,57.39781250000001,41.16,67.65,5.6814177429953645,456.084,401.85,554.7,31.700286604846667,9.75,1.224,7.1
Experiment 1,R2-T2,2,292.0,55.0,215.0,71.0,43.0,40.0,27.0,729.0,R2,6.157894736842104,5.4,7.3,0.4422618770220151,1.803157894736842,0.92,2.1,0.2316429337438606,0.7960975609756098,0.0,1.05,0.316222968950094,24.092105263157897,19.7,28.8,2.142966657272769,374.0,60.0,70.0,19.931125,9.81,37.27,5.074280539056289,57.39781250000001,41.16,67.65,5.6814177429953645,456.084,401.85,554.7,31.700286604846667,9.75,1.224,7.1
Experiment 1,R2-T2,3,193.0,46.0,156.0,31.0,33.0,34.0,27.0,725.0,R2,6.157894736842104,5.4,7.3,0.4422618770220151,1.803157894736842,0.92,2.1,0.2316429337438606,0.7960975609756098,0.0,1.05,0.316222968950094,24.092105263157897,19.7,28.8,2.142966657272769,374.0,60.0,70.0,19.931125,9.81,37.27,5.074280539056289,57.39781250000001,41.16,67.65,5.6814177429953645,456.084,401.85,554.7,31.700286604846667,9.75,1.224,7.1
Experiment 1,R2-T2,4,245.0,53.0,185.0,41.0,40.0,29.0,28.0,784.0,R2,6.157894736842104,5.4,7.3,0.4422618770220151,1.803157894736842,0.92,2.1,0.2316429337438606,0.7960975609756098,0.0,1.05,0.316222968950094,24.092105263157897,19.7,28.8,2.142966657272769,374.0,60.0,70.0,19.931125,9.81,37.27,5.074280539056289,57.39781250000001,41.16,67.65,5.6814177429953645,456.084,401.85,554.7,31.700286604846667,9.75,1.224,7.1
Experiment 1,R2-T2,5,287.0,64.0,210.0,74.0,49.0,32.0,26.5,696.0,R2,6.157894736842104,5.4,7.3,0.4422618770220151,1.803157894736842,0.92,2.1,0.2316429337438606,0.7960975609756098,0.0,1.05,0.316222968950094,24.092105263157897,19.7,28.8,2.142966657272769,374.0,60.0,70.0,19.931125,9.81,37.27,5.074280539056289,57.39781250000001,41.16,67.65,5.6814177429953645,456.084,401.85,554.7,31.700286604846667,9.75,1.224,7.1
Experiment 1,R2-T2,6,238.0,57.0,202.0,33.0,42.0,34.0,25.5,648.0,R2,6.157894736842104,5.4,7.3,0.4422618770220151,1.803157894736842,0.92,2.1,0.2316429337438606,0.7960975609756098,0.0,1.05,0.316222968950094,24.092105263157897,19.7,28.8,2.142966657272769,374.0,60.0,70.0,19.931125,9.81,37.27,5.074280539056289,57.39781250000001,41.16,67.65,5.6814177429953645,456.084,401.85,554.7,31.700286604846667,9.75,1.224,7.1
Experiment 1,R2-T2,7,258.0,54.0,218.0,38.0,39.0,34.0,27.0,728.0,R2,6.157894736842104,5.4,7.3,0.4422618770220151,1.803157894736842,0.92,2.1,0.2316429337438606,0.7960975609756098,0.0,1.05,0.316222968950094,24.092105263157897,19.7,28.8,2.142966657272769,374.0,60.0,70.0,19.931125,9.81,37.27,5.074280539056289,57.39781250000001,41.16,67.65,5.6814177429953645,456.084,401.85,554.7,31.700286604846667,9.75,1.224,7.1
Experiment 1,R2-T2,8,234.0,60.0,200.0,32.0,46.0,35.0,26.5,702.0,R2,6.157894736842104,5.4,7.3,0.4422618770220151,1.803157894736842,0.92,2.1,0.2316429337438606,0.7960975609756098,0.0,1.05,0.316222968950094,24.092105263157897,19.7,28.8,2.142966657272769,374.0,60.0,70.0,19.931125,9.81,37.27,5.074280539056289,57.39781250000001,41.16,67.65,5.6814177429953645,456.084,401.85,554.7,31.700286604846667,9.75,1.224,7.1
Experiment 1,R2-T2,9,235.0,43.0,180.0,42.0,32.0,31.0,24.5,600.0,R2,6.157894736842104,5.4,7.3,0.4422618770220151,1.803157894736842,0.92,2.1,0.2316429337438606,0.7960975609756098,0.0,1.05,0.316222968950094,24.092105263157897,19.7,28.8,2.142966657272769,374.0,60.0,70.0,19.931125,9.81,37.27,5.074280539056289,57.39781250000001,41.16,67.65,5.6814177429953645,456.084,401.85,554.7,31.700286604846667,9.75,1.224,7.1
Experiment 1,R2-T2,10,273.0,49.0,224.0,51.0,38.0,46.0,27.5,756.0,R2,6.157894736842104,5.4,7.3,0.4422618770220151,1.803157894736842,0.92,2.1,0.2316429337438606,0.7960975609756098,0.0,1.05,0.316222968950094,24.092105263157897,19.7,28.8,2.142966657272769,374.0,60.0,70.0,19.931125,9.81,37.27,5.074280539056289,57.39781250000001,41.16,67.65,5.6814177429953645,456.084,401.85,554.7,31.700286604846667,9.75,1.224,7.1
Experiment 1,R2-T2,11,254.0,51.0,229.0,18.0,38.0,31.0,27.0,725.0,R2,6.157894736842104,5.4,7.3,0.4422618770220151,1.803157894736842,0.92,2.1,0.2316429337438606,0.7960975609756098,0.0,1.05,0.316222968950094,24.092105263157897,19.7,28.8,2.142966657272769,374.0,60.0,70.0,19.931125,9.81,37.27,5.074280539056289,57.39781250000001,41.16,67.65,5.6814177429953645,456.084,401.85,554.7,31.700286604846667,9.75,1.224,7.1
Experiment 1,R2-T2,12,235.0,59.0,174.0,55.0,46.0,30.0,25.0,624.0,R2,6.157894736842104,5.4,7.3,0.4422618770220151,1.803157894736842,0.92,2.1,0.2316429337438606,0.7960975609756098,0.0,1.05,0.316222968950094,24.092105263157897,19.7,28.8,2.142966657272769,374.0,60.0,70.0,19.931125,9.81,37.27,5.074280539056289,57.39781250000001,41.16,67.65,5.6814177429953645,456.084,401.85,554.7,31.700286604846667,9.75,1.224,7.1
Experiment 1,R2-T3,1,236.0,54.0,190.0,36.0,40.0,40.0,26.0,676.0,R2,6.1605263157894745,5.4,7.2,0.4504614439276396,1.7615789473684214,1.17,2.16,0.166631113474763,0.7742682926829267,0.0,1.08,0.2995455113749661,26.439473684210522,20.4,30.9,2.266755097128958,658.0,282.0,70.0,19.931125,9.81,37.27,5.074280539056289,57.39781250000001,41.16,67.65,5.6814177429953645,456.084,401.85,554.7,31.700286604846667,9.75,1.224,7.1
Experiment 1,R2-T3,2,248.0,55.0,204.0,36.0,41.0,41.0,27.0,725.0,R2,6.1605263157894745,5.4,7.2,0.4504614439276396,1.7615789473684214,1.17,2.16,0.166631113474763,0.7742682926829267,0.0,1.08,0.2995455113749661,26.439473684210522,20.4,30.9,2.266755097128958,658.0,282.0,70.0,19.931125,9.81,37.27,5.074280539056289,57.39781250000001,41.16,67.65,5.6814177429953645,456.084,401.85,554.7,31.700286604846667,9.75,1.224,7.1
Experiment 1,R2-T3,3,211.0,53.0,150.0,53.0,40.0,40.0,25.0,625.0,R2,6.1605263157894745,5.4,7.2,0.4504614439276396,1.7615789473684214,1.17,2.16,0.166631113474763,0.7742682926829267,0.0,1.08,0.2995455113749661,26.439473684210522,20.4,30.9,2.266755097128958,658.0,282.0,70.0,19.931125,9.81,37.27,5.074280539056289,57.39781250000001,41.16,67.65,5.6814177429953645,456.084,401.85,554.7,31.700286604846667,9.75,1.224,7.1
Experiment 1,R2-T3,4,274.0,56.0,212.0,49.0,40.5,35.0,28.0,784.0,R2,6.1605263157894745,5.4,7.2,0.4504614439276396,1.7615789473684214,1.17,2.16,0.166631113474763,0.7742682926829267,0.0,1.08,0.2995455113749661,26.439473684210522,20.4,30.9,2.266755097128958,658.0,282.0,70.0,19.931125,9.81,37.27,5.074280539056289,57.39781250000001,41.16,67.65,5.6814177429953645,456.084,401.85,554.7,31.700286604846667,9.75,1.224,7.1
Experiment 1,R2-T3,5,230.0,56.0,199.0,19.0,42.0,35.0,27.5,756.0,R2,6.1605263157894745,5.4,7.2,0.4504614439276396,1.7615789473684214,1.17,2.16,0.166631113474763,0.7742682926829267,0.0,1.08,0.2995455113749661,26.439473684210522,20.4,30.9,2.266755097128958,658.0,282.0,70.0,19.931125,9.81,37.27,5.074280539056289,57.39781250000001,41.16,67.65,5.6814177429953645,456.084,401.85,554.7,31.700286604846667,9.75,1.224,7.1
Experiment 1,R2-T3,6,238.0,63.0,204.0,21.0,49.0,37.0,27.5,754.0,R2,6.1605263157894745,5.4,7.2,0.4504614439276396,1.7615789473684214,1.17,2.16,0.166631113474763,0.7742682926829267,0.0,1.08,0.2995455113749661,26.439473684210522,20.4,30.9,2.266755097128958,658.0,282.0,70.0,19.931125,9.81,37.27,5.074280539056289,57.39781250000001,41.16,67.65,5.6814177429953645,456.084,401.85,554.7,31.700286604846667,9.75,1.224,7.1
Experiment 1,R2-T3,7,256.0,51.0,211.0,39.0,40.0,34.0,25.5,650.0,R2,6.1605263157894745,5.4,7.2,0.4504614439276396,1.7615789473684214,1.17,2.16,0.166631113474763,0.7742682926829267,0.0,1.08,0.2995455113749661,26.439473684210522,20.4,30.9,2.266755097128958,658.0,282.0,70.0,19.931125,9.81,37.27,5.074280539056289,57.39781250000001,41.16,67.65,5.6814177429953645,456.084,401.85,554.7,31.700286604846667,9.75,1.224,7.1
Experiment 1,R2-T3,8,253.0,23.0,210.0,40.0,13.0,28.0,26.5,700.0,R2,6.1605263157894745,5.4,7.2,0.4504614439276396,1.7615789473684214,1.17,2.16,0.166631113474763,0.7742682926829267,0.0,1.08,0.2995455113749661,26.439473684210522,20.4,30.9,2.266755097128958,658.0,282.0,70.0,19.931125,9.81,37.27,5.074280539056289,57.39781250000001,41.16,67.65,5.6814177429953645,456.084,401.85,554.7,31.700286604846667,9.75,1.224,7.1
Experiment 1,R2-T3,9,255.0,49.0,211.0,34.0,37.0,40.0,26.0,675.0,R2,6.1605263157894745,5.4,7.2,0.4504614439276396,1.7615789473684214,1.17,2.16,0.166631113474763,0.7742682926829267,0.0,1.08,0.2995455113749661,26.439473684210522,20.4,30.9,2.266755097128958,658.0,282.0,70.0,19.931125,9.81,37.27,5.074280539056289,57.39781250000001,41.16,67.65,5.6814177429953645,456.084,401.85,554.7,31.700286604846667,9.75,1.224,7.1
Experiment 1,R2-T3,10,258.0,53.0,219.0,33.0,39.0,34.0,28.0,784.0,R2,6.1605263157894745,5.4,7.2,0.4504614439276396,1.7615789473684214,1.17,2.16,0.166631113474763,0.7742682926829267,0.0,1.08,0.2995455113749661,26.439473684210522,20.4,30.9,2.266755097128958,658.0,282.0,70.0,19.931125,9.81,37.27,5.074280539056289,57.39781250000001,41.16,67.65,5.6814177429953645,456.084,401.85,554.7,31.700286604846667,9.75,1.224,7.1
Experiment 1,R2-T3,11,214.0,58.0,204.0,5.0,46.0,32.0,27.0,728.0,R2,6.1605263157894745,5.4,7.2,0.4504614439276396,1.7615789473684214,1.17,2.16,0.166631113474763,0.7742682926829267,0.0,1.08,0.2995455113749661,26.439473684210522,20.4,30.9,2.266755097128958,658.0,282.0,70.0,19.931125,9.81,37.27,5.074280539056289,57.39781250000001,41.16,67.65,5.6814177429953645,456.084,401.85,554.7,31.700286604846667,9.75,1.224,7.1
Experiment 1,R2-T3,12,276.0,57.0,234.0,30.0,44.0,32.0,29.0,840.0,R2,6.1605263157894745,5.4,7.2,0.4504614439276396,1.7615789473684214,1.17,2.16,0.166631113474763,0.7742682926829267,0.0,1.08,0.2995455113749661,26.439473684210522,20.4,30.9,2.266755097128958,658.0,282.0,70.0,19.931125,9.81,37.27,5.074280539056289,57.39781250000001,41.16,67.65,5.6814177429953645,456.084,401.85,554.7,31.700286604846667,9.75,1.224,7.1
Experiment 2,R1-T1,1,317.0,55.0,264.0,45.0,40.0,37.0,25.5,650.0,R1,6.374074074074075,5.7,7.2,0.36776863962389356,1.7957407407407406,1.1,2.9,0.22838078867647416,0.8978703703703703,0.55,1.45,0.11419039433823708,23.077777777777776,17.2,28.3,2.9428297459384645,74.0,40.0,0.0,22.50352367688022,14.17,34.84,3.518857504675528,57.98994428969359,41.48,68.69,5.529302063362985,454.2849721448468,407.4,559.17,22.546104567547165,12.708333333333334,4.858333333333333,6.375
Experiment 2,R1-T1,2,270.0,50.0,239.0,22.0,34.0,29.0,27.5,750.0,R1,6.374074074074075,5.7,7.2,0.36776863962389356,1.7957407407407406,1.1,2.9,0.22838078867647416,0.8978703703703703,0.55,1.45,0.11419039433823708,23.077777777777776,17.2,28.3,2.9428297459384645,74.0,40.0,0.0,22.50352367688022,14.17,34.84,3.518857504675528,57.98994428969359,41.48,68.69,5.529302063362985,454.2849721448468,407.4,559.17,22.546104567547165,12.708333333333334,4.858333333333333,6.375
Experiment 2,R1-T1,3,311.0,52.0,283.0,19.0,38.0,38.0,29.5,870.0,R1,6.374074074074075,5.7,7.2,0.36776863962389356,1.7957407407407406,1.1,2.9,0.22838078867647416,0.8978703703703703,0.55,1.45,0.11419039433823708,23.077777777777776,17.2,28.3,2.9428297459384645,74.0,40.0,0.0,22.50352367688022,14.17,34.84,3.518857504675528,57.98994428969359,41.48,68.69,5.529302063362985,454.2849721448468,407.4,559.17,22.546104567547165,12.708333333333334,4.858333333333333,6.375
Experiment 2,R1-T1,4,360.0,70.0,293.0,60.0,53.0,37.0,30.5,930.0,R1,6.374074074074075,5.7,7.2,0.36776863962389356,1.7957407407407406,1.1,2.9,0.22838078867647416,0.8978703703703703,0.55,1.45,0.11419039433823708,23.077777777777776,17.2,28.3,2.9428297459384645,74.0,40.0,0.0,22.50352367688022,14.17,34.84,3.518857504675528,57.98994428969359,41.48,68.69,5.529302063362985,454.2849721448468,407.4,559.17,22.546104567547165,12.708333333333334,4.858333333333333,6.375
Experiment 2,R1-T1,5,326.0,67.0,300.0,26.0,48.0,34.0,28.5,810.0,R1,6.374074074074075,5.7,7.2,0.36776863962389356,1.7957407407407406,1.1,2.9,0.22838078867647416,0.8978703703703703,0.55,1.45,0.11419039433823708,23.077777777777776,17.2,28.3,2.9428297459384645,74.0,40.0,0.0,22.50352367688022,14.17,34.84,3.518857504675528,57.98994428969359,41.48,68.69,5.529302063362985,454.2849721448468,407.4,559.17,22.546104567547165,12.708333333333334,4.858333333333333,6.375
Experiment 2,R1-T1,6,255.0,58.0,222.0,28.0,41.0,33.0,28.5,812.0,R1,6.374074074074075,5.7,7.2,0.36776863962389356,1.7957407407407406,1.1,2.9,0.22838078867647416,0.8978703703703703,0.55,1.45,0.11419039433823708,23.077777777777776,17.2,28.3,2.9428297459384645,74.0,40.0,0.0,22.50352367688022,14.17,34.84,3.518857504675528,57.98994428969359,41.48,68.69,5.529302063362985,454.2849721448468,407.4,559.17,22.546104567547165,12.708333333333334,4.858333333333333,6.375
Experiment 2,R1-T1,7,392.0,60.0,337.0,49.0,41.0,41.0,29.5,870.0,R1,6.374074074074075,5.7,7.2,0.36776863962389356,1.7957407407407406,1.1,2.9,0.22838078867647416,0.8978703703703703,0.55,1.45,0.11419039433823708,23.077777777777776,17.2,28.3,2.9428297459384645,74.0,40.0,0.0,22.50352367688022,14.17,34.84,3.518857504675528,57.98994428969359,41.48,68.69,5.529302063362985,454.2849721448468,407.4,559.17,22.546104567547165,12.708333333333334,4.858333333333333,6.375
Experiment 2,R1-T1,8,218.0,43.0,180.0,34.0,26.0,38.0,27.0,729.0,R1,6.374074074074075,5.7,7.2,0.36776863962389356,1.7957407407407406,1.1,2.9,0.22838078867647416,0.8978703703703703,0.55,1.45,0.11419039433823708,23.077777777777776,17.2,28.3,2.9428297459384645,74.0,40.0,0.0,22.50352367688022,14.17,34.84,3.518857504675528,57.98994428969359,41.48,68.69,5.529302063362985,454.2849721448468,407.4,559.17,22.546104567547165,12.708333333333334,4.858333333333333,6.375
Experiment 2,R1-T1,9,300.0,61.0,249.0,49.0,45.0,33.0,30.0,900.0,R1,6.374074074074075,5.7,7.2,0.36776863962389356,1.7957407407407406,1.1,2.9,0.22838078867647416,0.8978703703703703,0.55,1.45,0.11419039433823708,23.077777777777776,17.2,28.3,2.9428297459384645,74.0,40.0,0.0,22.50352367688022,14.17,34.84,3.518857504675528,57.98994428969359,41.48,68.69,5.529302063362985,454.2849721448468,407.4,559.17,22.546104567547165,12.708333333333334,4.858333333333333,6.375
Experiment 2,R1-T1,10,327.0,64.0,282.0,45.0,46.0,41.0,28.5,812.0,R1,6.374074074074075,5.7,7.2,0.36776863962389356,1.7957407407407406,1.1,2.9,0.22838078867647416,0.8978703703703703,0.55,1.45,0.11419039433823708,23.077777777777776,17.2,28.3,2.9428297459384645,74.0,40.0,0.0,22.50352367688022,14.17,34.84,3.518857504675528,57.98994428969359,41.48,68.69,5.529302063362985,454.2849721448468,407.4,559.17,22.546104567547165,12.708333333333334,4.858333333333333,6.375
Experiment 2,R1-T1,11,297.0,56.0,253.0,43.0,39.0,36.0,26.5,702.0,R1,6.374074074074075,5.7,7.2,0.36776863962389356,1.7957407407407406,1.1,2.9,0.22838078867647416,0.8978703703703703,0.55,1.45,0.11419039433823708,23.077777777777776,17.2,28.3,2.9428297459384645,74.0,40.0,0.0,22.50352367688022,14.17,34.84,3.518857504675528,57.98994428969359,41.48,68.69,5.529302063362985,454.2849721448468,407.4,559.17,22.546104567547165,12.708333333333334,4.858333333333333,6.375
Experiment 2,R1-T1,12,251.0,44.0,200.0,51.0,25.0,38.0,28.5,812.0,R1,6.374074074074075,5.7,7.2,0.36776863962389356,1.7957407407407406,1.1,2.9,0.22838078867647416,0.8978703703703703,0.55,1.45,0.11419039433823708,23.077777777777776,17.2,28.3,2.9428297459384645,74.0,40.0,0.0,22.50352367688022,14.17,34.84,3.518857504675528,57.98994428969359,41.48,68.69,5.529302063362985,454.2849721448468,407.4,559.17,22.546104567547165,12.708333333333334,4.858333333333333,6.375
Experiment 2,R2-T1,1,333.0,64.0,290.0,43.0,49.0,39.0,30.5,924.0,R2,6.277777777777777,5.5,7.0,0.40123266856150636,1.7638888888888888,1.33,2.5,0.18732440337223938,0.8819444444444444,0.665,1.25,0.09366220168611969,22.95740740740741,17.0,27.9,2.991878008743737,64.0,40.0,0.0,22.50352367688022,14.17,34.84,3.518857504675528,57.98994428969359,41.48,68.69,5.529302063362985,454.2849721448468,407.4,559.17,22.546104567547165,12.708333333333334,4.858333333333333,6.375
Experiment 2,R2-T1,2,342.0,64.0,300.0,40.0,43.0,46.0,29.0,840.0,R2,6.277777777777777,5.5,7.0,0.40123266856150636,1.7638888888888888,1.33,2.5,0.18732440337223938,0.8819444444444444,0.665,1.25,0.09366220168611969,22.95740740740741,17.0,27.9,2.991878008743737,64.0,40.0,0.0,22.50352367688022,14.17,34.84,3.518857504675528,57.98994428969359,41.48,68.69,5.529302063362985,454.2849721448468,407.4,559.17,22.546104567547165,12.708333333333334,4.858333333333333,6.375
Experiment 2,R2-T1,3,327.0,64.0,280.0,39.0,45.0,42.0,28.0,784.0,R2,6.277777777777777,5.5,7.0,0.40123266856150636,1.7638888888888888,1.33,2.5,0.18732440337223938,0.8819444444444444,0.665,1.25,0.09366220168611969,22.95740740740741,17.0,27.9,2.991878008743737,64.0,40.0,0.0,22.50352367688022,14.17,34.84,3.518857504675528,57.98994428969359,41.48,68.69,5.529302063362985,454.2849721448468,407.4,559.17,22.546104567547165,12.708333333333334,4.858333333333333,6.375
Experiment 2,R2-T1,4,324.0,50.0,275.0,42.0,31.0,43.0,29.0,840.0,R2,6.277777777777777,5.5,7.0,0.40123266856150636,1.7638888888888888,1.33,2.5,0.18732440337223938,0.8819444444444444,0.665,1.25,0.09366220168611969,22.95740740740741,17.0,27.9,2.991878008743737,64.0,40.0,0.0,22.50352367688022,14.17,34.84,3.518857504675528,57.98994428969359,41.48,68.69,5.529302063362985,454.2849721448468,407.4,559.17,22.546104567547165,12.708333333333334,4.858333333333333,6.375
Experiment 2,R2-T1,5,280.0,68.0,245.0,34.0,49.0,40.0,27.0,728.0,R2,6.277777777777777,5.5,7.0,0.40123266856150636,1.7638888888888888,1.33,2.5,0.18732440337223938,0.8819444444444444,0.665,1.25,0.09366220168611969,22.95740740740741,17.0,27.9,2.991878008743737,64.0,40.0,0.0,22.50352367688022,14.17,34.84,3.518857504675528,57.98994428969359,41.48,68.69,5.529302063362985,454.2849721448468,407.4,559.17,22.546104567547165,12.708333333333334,4.858333333333333,6.375
Experiment 2,R2-T1,6,368.0,67.0,347.0,20.0,47.0,46.0,30.5,924.0,R2,6.277777777777777,5.5,7.0,0.40123266856150636,1.7638888888888888,1.33,2.5,0.18732440337223938,0.8819444444444444,0.665,1.25,0.09366220168611969,22.95740740740741,17.0,27.9,2.991878008743737,64.0,40.0,0.0,22.50352367688022,14.17,34.84,3.518857504675528,57.98994428969359,41.48,68.69,5.529302063362985,454.2849721448468,407.4,559.17,22.546104567547165,12.708333333333334,4.858333333333333,6.375
Experiment 2,R2-T1,7,335.0,62.0,297.0,38.0,44.5,46.0,29.5,870.0,R2,6.277777777777777,5.5,7.0,0.40123266856150636,1.7638888888888888,1.33,2.5,0.18732440337223938,0.8819444444444444,0.665,1.25,0.09366220168611969,22.95740740740741,17.0,27.9,2.991878008743737,64.0,40.0,0.0,22.50352367688022,14.17,34.84,3.518857504675528,57.98994428969359,41.48,68.69,5.529302063362985,454.2849721448468,407.4,559.17,22.546104567547165,12.708333333333334,4.858333333333333,6.375
Experiment 2,R2-T1,8,290.0,72.0,258.0,30.0,53.0,45.0,31.0,960.0,R2,6.277777777777777,5.5,7.0,0.40123266856150636,1.7638888888888888,1.33,2.5,0.18732440337223938,0.8819444444444444,0.665,1.25,0.09366220168611969,22.95740740740741,17.0,27.9,2.991878008743737,64.0,40.0,0.0,22.50352367688022,14.17,34.84,3.518857504675528,57.98994428969359,41.48,68.69,5.529302063362985,454.2849721448468,407.4,559.17,22.546104567547165,12.708333333333334,4.858333333333333,6.375
Experiment 2,R2-T1,9,325.0,60.0,277.0,39.0,41.0,45.0,32.5,1050.0,R2,6.277777777777777,5.5,7.0,0.40123266856150636,1.7638888888888888,1.33,2.5,0.18732440337223938,0.8819444444444444,0.665,1.25,0.09366220168611969,22.95740740740741,17.0,27.9,2.991878008743737,64.0,40.0,0.0,22.50352367688022,14.17,34.84,3.518857504675528,57.98994428969359,41.48,68.69,5.529302063362985,454.2849721448468,407.4,559.17,22.546104567547165,12.708333333333334,4.858333333333333,6.375
Experiment 2,R2-T1,10,347.0,56.0,308.0,39.0,37.0,40.0,32.0,1020.0,R2,6.277777777777777,5.5,7.0,0.40123266856150636,1.7638888888888888,1.33,2.5,0.18732440337223938,0.8819444444444444,0.665,1.25,0.09366220168611969,22.95740740740741,17.0,27.9,2.991878008743737,64.0,40.0,0.0,22.50352367688022,14.17,34.84,3.518857504675528,57.98994428969359,41.48,68.69,5.529302063362985,454.2849721448468,407.4,559.17,22.546104567547165,12.708333333333334,4.858333333333333,6.375
Experiment 2,R2-T1,11,330.0,50.0,311.0,18.0,31.0,40.0,26.5,702.0,R2,6.277777777777777,5.5,7.0,0.40123266856150636,1.7638888888888888,1.33,2.5,0.18732440337223938,0.8819444444444444,0.665,1.25,0.09366220168611969,22.95740740740741,17.0,27.9,2.991878008743737,64.0,40.0,0.0,22.50352367688022,14.17,34.84,3.518857504675528,57.98994428969359,41.48,68.69,5.529302063362985,454.2849721448468,407.4,559.17,22.546104567547165,12.708333333333334,4.858333333333333,6.375
Experiment 2,R2-T1,12,335.0,56.0,285.0,45.0,38.0,49.0,29.5,870.0,R2,6.277777777777777,5.5,7.0,0.40123266856150636,1.7638888888888888,1.33,2.5,0.18732440337223938,0.8819444444444444,0.665,1.25,0.09366220168611969,22.95740740740741,17.0,27.9,2.991878008743737,64.0,40.0,0.0,22.50352367688022,14.17,34.84,3.518857504675528,57.98994428969359,41.48,68.69,5.529302063362985,454.2849721448468,407.4,559.17,22.546104567547165,12.708333333333334,4.858333333333333,6.375
Experiment 2,R3-T1,1,249.0,67.0,213.0,30.0,48.0,35.0,28.5,810.0,R3,6.275471698113207,5.6,7.1,0.3560292866782003,1.8947169811320759,1.33,2.8,0.2960915448289402,0.9473584905660379,0.665,1.4,0.1480457724144701,22.543962264150938,13.5,28.2,3.4499014695378474,64.0,35.0,0.0,22.50352367688022,14.17,34.84,3.518857504675528,57.98994428969359,41.48,68.69,5.529302063362985,454.2849721448468,407.4,559.17,22.546104567547165,12.708333333333334,4.858333333333333,6.375
Experiment 2,R3-T1,2,309.0,50.0,276.0,32.0,32.0,43.0,28.5,812.0,R3,6.275471698113207,5.6,7.1,0.3560292866782003,1.8947169811320759,1.33,2.8,0.2960915448289402,0.9473584905660379,0.665,1.4,0.1480457724144701,22.543962264150938,13.5,28.2,3.4499014695378474,64.0,35.0,0.0,22.50352367688022,14.17,34.84,3.518857504675528,57.98994428969359,41.48,68.69,5.529302063362985,454.2849721448468,407.4,559.17,22.546104567547165,12.708333333333334,4.858333333333333,6.375
Experiment 2,R3-T1,3,282.0,52.0,250.0,27.0,35.0,47.0,24.75,607.5,R3,6.275471698113207,5.6,7.1,0.3560292866782003,1.8947169811320759,1.33,2.8,0.2960915448289402,0.9473584905660379,0.665,1.4,0.1480457724144701,22.543962264150938,13.5,28.2,3.4499014695378474,64.0,35.0,0.0,22.50352367688022,14.17,34.84,3.518857504675528,57.98994428969359,41.48,68.69,5.529302063362985,454.2849721448468,407.4,559.17,22.546104567547165,12.708333333333334,4.858333333333333,6.375
Experiment 2,R3-T1,4,320.0,55.0,281.0,38.0,36.0,44.0,25.0,621.0,R3,6.275471698113207,5.6,7.1,0.3560292866782003,1.8947169811320759,1.33,2.8,0.2960915448289402,0.9473584905660379,0.665,1.4,0.1480457724144701,22.543962264150938,13.5,28.2,3.4499014695378474,64.0,35.0,0.0,22.50352367688022,14.17,34.84,3.518857504675528,57.98994428969359,41.48,68.69,5.529302063362985,454.2849721448468,407.4,559.17,22.546104567547165,12.708333333333334,4.858333333333333,6.375
Experiment 2,R3-T1,5,325.0,53.0,298.0,26.0,33.0,44.0,32.5,1050.0,R3,6.275471698113207,5.6,7.1,0.3560292866782003,1.8947169811320759,1.33,2.8,0.2960915448289402,0.9473584905660379,0.665,1.4,0.1480457724144701,22.543962264150938,13.5,28.2,3.4499014695378474,64.0,35.0,0.0,22.50352367688022,14.17,34.84,3.518857504675528,57.98994428969359,41.48,68.69,5.529302063362985,454.2849721448468,407.4,559.17,22.546104567547165,12.708333333333334,4.858333333333333,6.375
Experiment 2,R3-T1,6,311.0,62.0,275.0,36.0,42.0,42.0,31.5,990.0,R3,6.275471698113207,5.6,7.1,0.3560292866782003,1.8947169811320759,1.33,2.8,0.2960915448289402,0.9473584905660379,0.665,1.4,0.1480457724144701,22.543962264150938,13.5,28.2,3.4499014695378474,64.0,35.0,0.0,22.50352367688022,14.17,34.84,3.518857504675528,57.98994428969359,41.48,68.69,5.529302063362985,454.2849721448468,407.4,559.17,22.546104567547165,12.708333333333334,4.858333333333333,6.375
Experiment 2,R3-T1,7,261.0,73.0,230.0,29.0,56.0,40.0,29.5,870.0,R3,6.275471698113207,5.6,7.1,0.3560292866782003,1.8947169811320759,1.33,2.8,0.2960915448289402,0.9473584905660379,0.665,1.4,0.1480457724144701,22.543962264150938,13.5,28.2,3.4499014695378474,64.0,35.0,0.0,22.50352367688022,14.17,34.84,3.518857504675528,57.98994428969359,41.48,68.69,5.529302063362985,454.2849721448468,407.4,559.17,22.546104567547165,12.708333333333334,4.858333333333333,6.375
Experiment 2,R3-T1,8,249.0,67.0,215.0,34.0,51.0,40.0,29.5,870.0,R3,6.275471698113207,5.6,7.1,0.3560292866782003,1.8947169811320759,1.33,2.8,0.2960915448289402,0.9473584905660379,0.665,1.4,0.1480457724144701,22.543962264150938,13.5,28.2,3.4499014695378474,64.0,35.0,0.0,22.50352367688022,14.17,34.84,3.518857504675528,57.98994428969359,41.48,68.69,5.529302063362985,454.2849721448468,407.4,559.17,22.546104567547165,12.708333333333334,4.858333333333333,6.375
Experiment 2,R3-T1,9,314.0,74.0,283.0,28.0,54.0,47.0,30.0,900.0,R3,6.275471698113207,5.6,7.1,0.3560292866782003,1.8947169811320759,1.33,2.8,0.2960915448289402,0.9473584905660379,0.665,1.4,0.1480457724144701,22.543962264150938,13.5,28.2,3.4499014695378474,64.0,35.0,0.0,22.50352367688022,14.17,34.84,3.518857504675528,57.98994428969359,41.48,68.69,5.529302063362985,454.2849721448468,407.4,559.17,22.546104567547165,12.708333333333334,4.858333333333333,6.375
Experiment 2,R3-T1,10,227.0,62.0,196.0,29.0,44.0,42.0,30.0,900.0,R3,6.275471698113207,5.6,7.1,0.3560292866782003,1.8947169811320759,1.33,2.8,0.2960915448289402,0.9473584905660379,0.665,1.4,0.1480457724144701,22.543962264150938,13.5,28.2,3.4499014695378474,64.0,35.0,0.0,22.50352367688022,14.17,34.84,3.518857504675528,57.98994428969359,41.48,68.69,5.529302063362985,454.2849721448468,407.4,559.17,22.546104567547165,12.708333333333334,4.858333333333333,6.375
Experiment 2,R3-T1,11,370.0,73.0,343.0,27.0,55.0,46.0,30.0,900.0,R3,6.275471698113207,5.6,7.1,0.3560292866782003,1.8947169811320759,1.33,2.8,0.2960915448289402,0.9473584905660379,0.665,1.4,0.1480457724144701,22.543962264150938,13.5,28.2,3.4499014695378474,64.0,35.0,0.0,22.50352367688022,14.17,34.84,3.518857504675528,57.98994428969359,41.48,68.69,5.529302063362985,454.2849721448468,407.4,559.17,22.546104567547165,12.708333333333334,4.858333333333333,6.375
Experiment 2,R3-T1,12,287.0,61.0,246.0,35.0,43.0,42.0,32.5,1050.0,R3,6.275471698113207,5.6,7.1,0.3560292866782003,1.8947169811320759,1.33,2.8,0.2960915448289402,0.9473584905660379,0.665,1.4,0.1480457724144701,22.543962264150938,13.5,28.2,3.4499014695378474,64.0,35.0,0.0,22.50352367688022,14.17,34.84,3.518857504675528,57.98994428969359,41.48,68.69,5.529302063362985,454.2849721448468,407.4,559.17,22.546104567547165,12.708333333333334,4.858333333333333,6.375
Experiment 2,R1-T2,1,372.0,64.0,326.0,38.0,42.0,37.0,35.0,1225.0,R1,6.2407407407407405,5.6,7.1,0.390876753578849,2.6787037037037034,1.7,26.7,3.3060758019901475,1.3393518518518517,0.85,13.35,1.6530379009950738,22.759259259259256,17.2,28.9,3.0423868869395405,64.0,40.0,0.0,22.50352367688022,14.17,34.84,3.518857504675528,57.98994428969359,41.48,68.69,5.529302063362985,454.2849721448468,407.4,559.17,22.546104567547165,12.708333333333334,4.858333333333333,6.375
Experiment 2,R1-T2,2,307.0,59.0,271.0,35.0,41.0,34.0,29.5,870.0,R1,6.2407407407407405,5.6,7.1,0.390876753578849,2.6787037037037034,1.7,26.7,3.3060758019901475,1.3393518518518517,0.85,13.35,1.6530379009950738,22.759259259259256,17.2,28.9,3.0423868869395405,64.0,40.0,0.0,22.50352367688022,14.17,34.84,3.518857504675528,57.98994428969359,41.48,68.69,5.529302063362985,454.2849721448468,407.4,559.17,22.546104567547165,12.708333333333334,4.858333333333333,6.375
Experiment 2,R1-T2,3,292.0,48.0,260.0,27.0,33.0,31.0,28.5,812.0,R1,6.2407407407407405,5.6,7.1,0.390876753578849,2.6787037037037034,1.7,26.7,3.3060758019901475,1.3393518518518517,0.85,13.35,1.6530379009950738,22.759259259259256,17.2,28.9,3.0423868869395405,64.0,40.0,0.0,22.50352367688022,14.17,34.84,3.518857504675528,57.98994428969359,41.48,68.69,5.529302063362985,454.2849721448468,407.4,559.17,22.546104567547165,12.708333333333334,4.858333333333333,6.375
Experiment 2,R1-T2,4,366.0,66.0,336.0,30.0,47.0,36.0,29.5,870.0,R1,6.2407407407407405,5.6,7.1,0.390876753578849,2.6787037037037034,1.7,26.7,3.3060758019901475,1.3393518518518517,0.85,13.35,1.6530379009950738,22.759259259259256,17.2,28.9,3.0423868869395405,64.0,40.0,0.0,22.50352367688022,14.17,34.84,3.518857504675528,57.98994428969359,41.48,68.69,5.529302063362985,454.2849721448468,407.4,559.17,22.546104567547165,12.708333333333334,4.858333333333333,6.375
Experiment 2,R1-T2,5,348.0,66.0,312.0,34.0,47.0,41.0,28.5,812.0,R1,6.2407407407407405,5.6,7.1,0.390876753578849,2.6787037037037034,1.7,26.7,3.3060758019901475,1.3393518518518517,0.85,13.35,1.6530379009950738,22.759259259259256,17.2,28.9,3.0423868869395405,64.0,40.0,0.0,22.50352367688022,14.17,34.84,3.518857504675528,57.98994428969359,41.48,68.69,5.529302063362985,454.2849721448468,407.4,559.17,22.546104567547165,12.708333333333334,4.858333333333333,6.375
Experiment 2,R1-T2,6,384.0,69.0,345.0,34.0,49.0,40.0,27.0,725.0,R1,6.2407407407407405,5.6,7.1,0.390876753578849,2.6787037037037034,1.7,26.7,3.3060758019901475,1.3393518518518517,0.85,13.35,1.6530379009950738,22.759259259259256,17.2,28.9,3.0423868869395405,64.0,40.0,0.0,22.50352367688022,14.17,34.84,3.518857504675528,57.98994428969359,41.48,68.69,5.529302063362985,454.2849721448468,407.4,559.17,22.546104567547165,12.708333333333334,4.858333333333333,6.375
Experiment 2,R1-T2,7,361.0,71.0,320.0,41.0,50.5,39.0,29.5,870.0,R1,6.2407407407407405,5.6,7.1,0.390876753578849,2.6787037037037034,1.7,26.7,3.3060758019901475,1.3393518518518517,0.85,13.35,1.6530379009950738,22.759259259259256,17.2,28.9,3.0423868869395405,64.0,40.0,0.0,22.50352367688022,14.17,34.84,3.518857504675528,57.98994428969359,41.48,68.69,5.529302063362985,454.2849721448468,407.4,559.17,22.546104567547165,12.708333333333334,4.858333333333333,6.375
Experiment 2,R1-T2,8,367.0,64.0,319.0,49.0,46.0,43.0,27.5,756.0,R1,6.2407407407407405,5.6,7.1,0.390876753578849,2.6787037037037034,1.7,26.7,3.3060758019901475,1.3393518518518517,0.85,13.35,1.6530379009950738,22.759259259259256,17.2,28.9,3.0423868869395405,64.0,40.0,0.0,22.50352367688022,14.17,34.84,3.518857504675528,57.98994428969359,41.48,68.69,5.529302063362985,454.2849721448468,407.4,559.17,22.546104567547165,12.708333333333334,4.858333333333333,6.375
Experiment 2,R1-T2,9,305.0,70.0,279.0,25.0,52.0,43.0,31.5,990.0,R1,6.2407407407407405,5.6,7.1,0.390876753578849,2.6787037037037034,1.7,26.7,3.3060758019901475,1.3393518518518517,0.85,13.35,1.6530379009950738,22.759259259259256,17.2,28.9,3.0423868869395405,64.0,40.0,0.0,22.50352367688022,14.17,34.84,3.518857504675528,57.98994428969359,41.48,68.69,5.529302063362985,454.2849721448468,407.4,559.17,22.546104567547165,12.708333333333334,4.858333333333333,6.375
Experiment 2,R1-T2,10,352.0,70.0,310.0,38.0,48.0,47.0,30.0,900.0,R1,6.2407407407407405,5.6,7.1,0.390876753578849,2.6787037037037034,1.7,26.7,3.3060758019901475,1.3393518518518517,0.85,13.35,1.6530379009950738,22.759259259259256,17.2,28.9,3.0423868869395405,64.0,40.0,0.0,22.50352367688022,14.17,34.84,3.518857504675528,57.98994428969359,41.48,68.69,5.529302063362985,454.2849721448468,407.4,559.17,22.546104567547165,12.708333333333334,4.858333333333333,6.375
Experiment 2,R1-T2,11,300.0,52.0,266.0,34.0,35.0,43.0,27.5,756.0,R1,6.2407407407407405,5.6,7.1,0.390876753578849,2.6787037037037034,1.7,26.7,3.3060758019901475,1.3393518518518517,0.85,13.35,1.6530379009950738,22.759259259259256,17.2,28.9,3.0423868869395405,64.0,40.0,0.0,22.50352367688022,14.17,34.84,3.518857504675528,57.98994428969359,41.48,68.69,5.529302063362985,454.2849721448468,407.4,559.17,22.546104567547165,12.708333333333334,4.858333333333333,6.375
Experiment 2,R1-T2,12,312.0,66.0,277.0,31.0,45.0,43.0,26.0,676.0,R1,6.2407407407407405,5.6,7.1,0.390876753578849,2.6787037037037034,1.7,26.7,3.3060758019901475,1.3393518518518517,0.85,13.35,1.6530379009950738,22.759259259259256,17.2,28.9,3.0423868869395405,64.0,40.0,0.0,22.50352367688022,14.17,34.84,3.518857504675528,57.98994428969359,41.48,68.69,5.529302063362985,454.2849721448468,407.4,559.17,22.546104567547165,12.708333333333334,4.858333333333333,6.375
Experiment 2,R2-T2,1,292.0,69.0,262.0,27.0,50.0,43.0,26.5,702.0,R2,6.246296296296297,5.5,7.2,0.39707866697174793,2.3251851851851857,1.82,2.91,0.17146148191509736,1.1625925925925928,0.91,1.455,0.08573074095754868,22.907407407407412,16.9,29.0,3.276394351284704,64.0,40.0,0.0,22.50352367688022,14.17,34.84,3.518857504675528,57.98994428969359,41.48,68.69,5.529302063362985,454.2849721448468,407.4,559.17,22.546104567547165,12.708333333333334,4.858333333333333,6.375
Experiment 2,R2-T2,2,311.0,53.0,269.0,39.0,35.0,44.0,28.5,810.0,R2,6.246296296296297,5.5,7.2,0.39707866697174793,2.3251851851851857,1.82,2.91,0.17146148191509736,1.1625925925925928,0.91,1.455,0.08573074095754868,22.907407407407412,16.9,29.0,3.276394351284704,64.0,40.0,0.0,22.50352367688022,14.17,34.84,3.518857504675528,57.98994428969359,41.48,68.69,5.529302063362985,454.2849721448468,407.4,559.17,22.546104567547165,12.708333333333334,4.858333333333333,6.375
Experiment 2,R2-T2,3,363.0,75.0,293.0,70.0,57.0,42.0,29.5,870.0,R2,6.246296296296297,5.5,7.2,0.39707866697174793,2.3251851851851857,1.82,2.91,0.17146148191509736,1.1625925925925928,0.91,1.455,0.08573074095754868,22.907407407407412,16.9,29.0,3.276394351284704,64.0,40.0,0.0,22.50352367688022,14.17,34.84,3.518857504675528,57.98994428969359,41.48,68.69,5.529302063362985,454.2849721448468,407.4,559.17,22.546104567547165,12.708333333333334,4.858333333333333,6.375
Experiment 2,R2-T2,4,394.0,60.0,351.0,43.0,38.5,50.0,26.5,702.0,R2,6.246296296296297,5.5,7.2,0.39707866697174793,2.3251851851851857,1.82,2.91,0.17146148191509736,1.1625925925925928,0.91,1.455,0.08573074095754868,22.907407407407412,16.9,29.0,3.276394351284704,64.0,40.0,0.0,22.50352367688022,14.17,34.84,3.518857504675528,57.98994428969359,41.48,68.69,5.529302063362985,454.2849721448468,407.4,559.17,22.546104567547165,12.708333333333334,4.858333333333333,6.375
Experiment 2,R2-T2,5,408.0,65.0,356.0,40.0,45.0,49.0,28.0,783.0,R2,6.246296296296297,5.5,7.2,0.39707866697174793,2.3251851851851857,1.82,2.91,0.17146148191509736,1.1625925925925928,0.91,1.455,0.08573074095754868,22.907407407407412,16.9,29.0,3.276394351284704,64.0,40.0,0.0,22.50352367688022,14.17,34.84,3.518857504675528,57.98994428969359,41.48,68.69,5.529302063362985,454.2849721448468,407.4,559.17,22.546104567547165,12.708333333333334,4.858333333333333,6.375
Experiment 2,R2-T2,6,346.0,70.0,309.0,36.0,48.0,45.0,31.5,980.0,R2,6.246296296296297,5.5,7.2,0.39707866697174793,2.3251851851851857,1.82,2.91,0.17146148191509736,1.1625925925925928,0.91,1.455,0.08573074095754868,22.907407407407412,16.9,29.0,3.276394351284704,64.0,40.0,0.0,22.50352367688022,14.17,34.84,3.518857504675528,57.98994428969359,41.48,68.69,5.529302063362985,454.2849721448468,407.4,559.17,22.546104567547165,12.708333333333334,4.858333333333333,6.375
Experiment 2,R2-T2,7,400.0,68.0,352.0,48.0,50.0,52.0,30.0,900.0,R2,6.246296296296297,5.5,7.2,0.39707866697174793,2.3251851851851857,1.82,2.91,0.17146148191509736,1.1625925925925928,0.91,1.455,0.08573074095754868,22.907407407407412,16.9,29.0,3.276394351284704,64.0,40.0,0.0,22.50352367688022,14.17,34.84,3.518857504675528,57.98994428969359,41.48,68.69,5.529302063362985,454.2849721448468,407.4,559.17,22.546104567547165,12.708333333333334,4.858333333333333,6.375
Experiment 2,R2-T2,8,375.0,59.0,330.0,45.0,39.0,47.0,28.5,810.0,R2,6.246296296296297,5.5,7.2,0.39707866697174793,2.3251851851851857,1.82,2.91,0.17146148191509736,1.1625925925925928,0.91,1.455,0.08573074095754868,22.907407407407412,16.9,29.0,3.276394351284704,64.0,40.0,0.0,22.50352367688022,14.17,34.84,3.518857504675528,57.98994428969359,41.48,68.69,5.529302063362985,454.2849721448468,407.4,559.17,22.546104567547165,12.708333333333334,4.858333333333333,6.375
Experiment 2,R2-T2,9,412.0,62.0,364.0,45.0,40.0,38.0,33.5,1120.0,R2,6.246296296296297,5.5,7.2,0.39707866697174793,2.3251851851851857,1.82,2.91,0.17146148191509736,1.1625925925925928,0.91,1.455,0.08573074095754868,22.907407407407412,16.9,29.0,3.276394351284704,64.0,40.0,0.0,22.50352367688022,14.17,34.84,3.518857504675528,57.98994428969359,41.48,68.69,5.529302063362985,454.2849721448468,407.4,559.17,22.546104567547165,12.708333333333334,4.858333333333333,6.375
Experiment 2,R2-T2,10,345.0,64.0,300.0,43.0,46.0,44.0,30.0,900.0,R2,6.246296296296297,5.5,7.2,0.39707866697174793,2.3251851851851857,1.82,2.91,0.17146148191509736,1.1625925925925928,0.91,1.455,0.08573074095754868,22.907407407407412,16.9,29.0,3.276394351284704,64.0,40.0,0.0,22.50352367688022,14.17,34.84,3.518857504675528,57.98994428969359,41.48,68.69,5.529302063362985,454.2849721448468,407.4,559.17,22.546104567547165,12.708333333333334,4.858333333333333,6.375
Experiment 2,R2-T2,11,376.0,67.0,325.0,42.0,47.5,46.0,30.0,900.0,R2,6.246296296296297,5.5,7.2,0.39707866697174793,2.3251851851851857,1.82,2.91,0.17146148191509736,1.1625925925925928,0.91,1.455,0.08573074095754868,22.907407407407412,16.9,29.0,3.276394351284704,64.0,40.0,0.0,22.50352367688022,14.17,34.84,3.518857504675528,57.98994428969359,41.48,68.69,5.529302063362985,454.2849721448468,407.4,559.17,22.546104567547165,12.708333333333334,4.858333333333333,6.375
Experiment 2,R2-T2,12,374.0,62.0,334.0,39.0,42.0,42.0,28.5,810.0,R2,6.246296296296297,5.5,7.2,0.39707866697174793,2.3251851851851857,1.82,2.91,0.17146148191509736,1.1625925925925928,0.91,1.455,0.08573074095754868,22.907407407407412,16.9,29.0,3.276394351284704,64.0,40.0,0.0,22.50352367688022,14.17,34.84,3.518857504675528,57.98994428969359,41.48,68.69,5.529302063362985,454.2849721448468,407.4,559.17,22.546104567547165,12.708333333333334,4.858333333333333,6.375
Experiment 2,R3-T2,1,377.0,64.0,332.0,45.0,44.0,39.0,29.5,870.0,R3,6.238888888888888,5.5,7.1,0.4828222073917244,2.1507407407407406,1.51,2.35,0.15512064422931585,1.0753703703703703,0.755,1.175,0.07756032211465792,23.490740740740744,17.7,29.8,3.0399359470907057,94.0,30.0,0.0,22.50352367688022,14.17,34.84,3.518857504675528,57.98994428969359,41.48,68.69,5.529302063362985,454.2849721448468,407.4,559.17,22.546104567547165,12.708333333333334,4.858333333333333,6.375
Experiment 2,R3-T2,2,391.0,65.0,347.0,44.0,45.0,41.0,28.5,810.0,R3,6.238888888888888,5.5,7.1,0.4828222073917244,2.1507407407407406,1.51,2.35,0.15512064422931585,1.0753703703703703,0.755,1.175,0.07756032211465792,23.490740740740744,17.7,29.8,3.0399359470907057,94.0,30.0,0.0,22.50352367688022,14.17,34.84,3.518857504675528,57.98994428969359,41.48,68.69,5.529302063362985,454.2849721448468,407.4,559.17,22.546104567547165,12.708333333333334,4.858333333333333,6.375
Experiment 2,R3-T2,3,368.0,80.0,330.0,38.0,61.0,50.0,25.5,648.0,R3,6.238888888888888,5.5,7.1,0.4828222073917244,2.1507407407407406,1.51,2.35,0.15512064422931585,1.0753703703703703,0.755,1.175,0.07756032211465792,23.490740740740744,17.7,29.8,3.0399359470907057,94.0,30.0,0.0,22.50352367688022,14.17,34.84,3.518857504675528,57.98994428969359,41.48,68.69,5.529302063362985,454.2849721448468,407.4,559.17,22.546104567547165,12.708333333333334,4.858333333333333,6.375
Experiment 2,R3-T2,4,308.0,53.0,267.0,35.0,36.0,43.0,25.0,625.0,R3,6.238888888888888,5.5,7.1,0.4828222073917244,2.1507407407407406,1.51,2.35,0.15512064422931585,1.0753703703703703,0.755,1.175,0.07756032211465792,23.490740740740744,17.7,29.8,3.0399359470907057,94.0,30.0,0.0,22.50352367688022,14.17,34.84,3.518857504675528,57.98994428969359,41.48,68.69,5.529302063362985,454.2849721448468,407.4,559.17,22.546104567547165,12.708333333333334,4.858333333333333,6.375
Experiment 2,R3-T2,5,294.0,59.0,260.0,34.0,40.0,38.0,25.5,650.0,R3,6.238888888888888,5.5,7.1,0.4828222073917244,2.1507407407407406,1.51,2.35,0.15512064422931585,1.0753703703703703,0.755,1.175,0.07756032211465792,23.490740740740744,17.7,29.8,3.0399359470907057,94.0,30.0,0.0,22.50352367688022,14.17,34.84,3.518857504675528,57.98994428969359,41.48,68.69,5.529302063362985,454.2849721448468,407.4,559.17,22.546104567547165,12.708333333333334,4.858333333333333,6.375
Experiment 2,R3-T2,6,334.0,62.0,296.0,38.0,45.0,45.0,26.0,676.0,R3,6.238888888888888,5.5,7.1,0.4828222073917244,2.1507407407407406,1.51,2.35,0.15512064422931585,1.0753703703703703,0.755,1.175,0.07756032211465792,23.490740740740744,17.7,29.8,3.0399359470907057,94.0,30.0,0.0,22.50352367688022,14.17,34.84,3.518857504675528,57.98994428969359,41.48,68.69,5.529302063362985,454.2849721448468,407.4,559.17,22.546104567547165,12.708333333333334,4.858333333333333,6.375
Experiment 2,R3-T2,7,353.0,75.0,326.0,23.0,54.5,43.0,26.5,702.0,R3,6.238888888888888,5.5,7.1,0.4828222073917244,2.1507407407407406,1.51,2.35,0.15512064422931585,1.0753703703703703,0.755,1.175,0.07756032211465792,23.490740740740744,17.7,29.8,3.0399359470907057,94.0,30.0,0.0,22.50352367688022,14.17,34.84,3.518857504675528,57.98994428969359,41.48,68.69,5.529302063362985,454.2849721448468,407.4,559.17,22.546104567547165,12.708333333333334,4.858333333333333,6.375
Experiment 2,R3-T2,8,368.0,51.0,308.0,54.0,33.0,42.0,28.0,784.0,R3,6.238888888888888,5.5,7.1,0.4828222073917244,2.1507407407407406,1.51,2.35,0.15512064422931585,1.0753703703703703,0.755,1.175,0.07756032211465792,23.490740740740744,17.7,29.8,3.0399359470907057,94.0,30.0,0.0,22.50352367688022,14.17,34.84,3.518857504675528,57.98994428969359,41.48,68.69,5.529302063362985,454.2849721448468,407.4,559.17,22.546104567547165,12.708333333333334,4.858333333333333,6.375
Experiment 2,R3-T2,9,313.0,62.0,270.0,42.0,44.0,42.0,30.0,900.0,R3,6.238888888888888,5.5,7.1,0.4828222073917244,2.1507407407407406,1.51,2.35,0.15512064422931585,1.0753703703703703,0.755,1.175,0.07756032211465792,23.490740740740744,17.7,29.8,3.0399359470907057,94.0,30.0,0.0,22.50352367688022,14.17,34.84,3.518857504675528,57.98994428969359,41.48,68.69,5.529302063362985,454.2849721448468,407.4,559.17,22.546104567547165,12.708333333333334,4.858333333333333,6.375
Experiment 2,R3-T2,10,348.0,64.0,312.0,36.0,45.0,38.0,28.0,784.0,R3,6.238888888888888,5.5,7.1,0.4828222073917244,2.1507407407407406,1.51,2.35,0.15512064422931585,1.0753703703703703,0.755,1.175,0.07756032211465792,23.490740740740744,17.7,29.8,3.0399359470907057,94.0,30.0,0.0,22.50352367688022,14.17,34.84,3.518857504675528,57.98994428969359,41.48,68.69,5.529302063362985,454.2849721448468,407.4,559.17,22.546104567547165,12.708333333333334,4.858333333333333,6.375
Experiment 2,R3-T2,11,321.0,52.0,281.0,40.0,35.0,43.0,27.5,754.0,R3,6.238888888888888,5.5,7.1,0.4828222073917244,2.1507407407407406,1.51,2.35,0.15512064422931585,1.0753703703703703,0.755,1.175,0.07756032211465792,23.490740740740744,17.7,29.8,3.0399359470907057,94.0,30.0,0.0,22.50352367688022,14.17,34.84,3.518857504675528,57.98994428969359,41.48,68.69,5.529302063362985,454.2849721448468,407.4,559.17,22.546104567547165,12.708333333333334,4.858333333333333,6.375
Experiment 2,R3-T2,12,300.0,70.0,264.0,36.0,54.0,43.0,26.0,675.0,R3,6.238888888888888,5.5,7.1,0.4828222073917244,2.1507407407407406,1.51,2.35,0.15512064422931585,1.0753703703703703,0.755,1.175,0.07756032211465792,23.490740740740744,17.7,29.8,3.0399359470907057,94.0,30.0,0.0,22.50352367688022,14.17,34.84,3.518857504675528,57.98994428969359,41.48,68.69,5.529302063362985,454.2849721448468,407.4,559.17,22.546104567547165,12.708333333333334,4.858333333333333,6.375
Experiment 3,R1T1,1,328.0,60.0,269.0,57.0,40.0,42.0,30.5,930.0,R1,6.648076923074075,5.7,7.5,0.47551127656459863,2.344719502709091,1.56,3.41,0.5680804645050146,1.1723597513636366,0.78,1.705,0.2840402322524495,22.85923594927272,19.6,33.0,2.0528029690224767,754.0,390.0,45.0,25.461896067415733,17.88,44.49,2.893664290194108,61.47231741573034,37.73,72.21,5.477488603476529,450.3441573033708,405.65,551.48,22.03494647044849,14.45,4.8,8.15
Experiment 3,R1T1,2,252.0,60.0,243.0,8.0,41.0,46.0,30.0,899.0,R1,6.648076923074075,5.7,7.5,0.47551127656459863,2.344719502709091,1.56,3.41,0.5680804645050146,1.1723597513636366,0.78,1.705,0.2840402322524495,22.85923594927272,19.6,33.0,2.0528029690224767,754.0,390.0,45.0,25.461896067415733,17.88,44.49,2.893664290194108,61.47231741573034,37.73,72.21,5.477488603476529,450.3441573033708,405.65,551.48,22.03494647044849,14.45,4.8,8.15
Experiment 3,R1T1,3,294.0,75.0,237.0,55.0,58.0,43.0,29.0,840.0,R1,6.648076923074075,5.7,7.5,0.47551127656459863,2.344719502709091,1.56,3.41,0.5680804645050146,1.1723597513636366,0.78,1.705,0.2840402322524495,22.85923594927272,19.6,33.0,2.0528029690224767,754.0,390.0,45.0,25.461896067415733,17.88,44.49,2.893664290194108,61.47231741573034,37.73,72.21,5.477488603476529,450.3441573033708,405.65,551.48,22.03494647044849,14.45,4.8,8.15
Experiment 3,R1T1,4,331.0,100.0,292.0,36.0,83.0,40.0,29.0,841.0,R1,6.648076923074075,5.7,7.5,0.47551127656459863,2.344719502709091,1.56,3.41,0.5680804645050146,1.1723597513636366,0.78,1.705,0.2840402322524495,22.85923594927272,19.6,33.0,2.0528029690224767,754.0,390.0,45.0,25.461896067415733,17.88,44.49,2.893664290194108,61.47231741573034,37.73,72.21,5.477488603476529,450.3441573033708,405.65,551.48,22.03494647044849,14.45,4.8,8.15
Experiment 3,R1T1,5,357.0,72.0,317.0,40.0,57.0,46.0,30.5,930.0,R1,6.648076923074075,5.7,7.5,0.47551127656459863,2.344719502709091,1.56,3.41,0.5680804645050146,1.1723597513636366,0.78,1.705,0.2840402322524495,22.85923594927272,19.6,33.0,2.0528029690224767,754.0,390.0,45.0,25.461896067415733,17.88,44.49,2.893664290194108,61.47231741573034,37.73,72.21,5.477488603476529,450.3441573033708,405.65,551.48,22.03494647044849,14.45,4.8,8.15
Experiment 3,R1T1,6,343.0,76.0,304.0,38.0,60.0,36.0,29.5,870.0,R1,6.648076923074075,5.7,7.5,0.47551127656459863,2.344719502709091,1.56,3.41,0.5680804645050146,1.1723597513636366,0.78,1.705,0.2840402322524495,22.85923594927272,19.6,33.0,2.0528029690224767,754.0,390.0,45.0,25.461896067415733,17.88,44.49,2.893664290194108,61.47231741573034,37.73,72.21,5.477488603476529,450.3441573033708,405.65,551.48,22.03494647044849,14.45,4.8,8.15
Experiment 3,R1T1,7,336.0,80.0,290.0,46.0,63.0,46.0,30.0,899.0,R1,6.648076923074075,5.7,7.5,0.47551127656459863,2.344719502709091,1.56,3.41,0.5680804645050146,1.1723597513636366,0.78,1.705,0.2840402322524495,22.85923594927272,19.6,33.0,2.0528029690224767,754.0,390.0,45.0,25.461896067415733,17.88,44.49,2.893664290194108,61.47231741573034,37.73,72.21,5.477488603476529,450.3441573033708,405.65,551.48,22.03494647044849,14.45,4.8,8.15
Experiment 3,R1T1,8,370.0,54.0,324.0,40.0,38.0,49.0,29.0,841.0,R1,6.648076923074075,5.7,7.5,0.47551127656459863,2.344719502709091,1.56,3.41,0.5680804645050146,1.1723597513636366,0.78,1.705,0.2840402322524495,22.85923594927272,19.6,33.0,2.0528029690224767,754.0,390.0,45.0,25.461896067415733,17.88,44.49,2.893664290194108,61.47231741573034,37.73,72.21,5.477488603476529,450.3441573033708,405.65,551.48,22.03494647044849,14.45,4.8,8.15
Experiment 3,R1T1,9,292.0,72.0,252.0,37.0,57.0,43.0,30.0,900.0,R1,6.648076923074075,5.7,7.5,0.47551127656459863,2.344719502709091,1.56,3.41,0.5680804645050146,1.1723597513636366,0.78,1.705,0.2840402322524495,22.85923594927272,19.6,33.0,2.0528029690224767,754.0,390.0,45.0,25.461896067415733,17.88,44.49,2.893664290194108,61.47231741573034,37.73,72.21,5.477488603476529,450.3441573033708,405.65,551.48,22.03494647044849,14.45,4.8,8.15
Experiment 3,R1T1,10,356.0,65.0,300.0,41.0,48.0,44.0,31.0,960.0,R1,6.648076923074075,5.7,7.5,0.47551127656459863,2.344719502709091,1.56,3.41,0.5680804645050146,1.1723597513636366,0.78,1.705,0.2840402322524495,22.85923594927272,19.6,33.0,2.0528029690224767,754.0,390.0,45.0,25.461896067415733,17.88,44.49,2.893664290194108,61.47231741573034,37.73,72.21,5.477488603476529,450.3441573033708,405.65,551.48,22.03494647044849,14.45,4.8,8.15
Experiment 3,R1T1,11,241.0,59.0,208.0,29.0,42.0,32.0,28.5,812.0,R1,6.648076923074075,5.7,7.5,0.47551127656459863,2.344719502709091,1.56,3.41,0.5680804645050146,1.1723597513636366,0.78,1.705,0.2840402322524495,22.85923594927272,19.6,33.0,2.0528029690224767,754.0,390.0,45.0,25.461896067415733,17.88,44.49,2.893664290194108,61.47231741573034,37.73,72.21,5.477488603476529,450.3441573033708,405.65,551.48,22.03494647044849,14.45,4.8,8.15
Experiment 3,R1T1,12,295.0,80.0,261.0,34.0,64.0,39.0,29.5,870.0,R1,6.648076923074075,5.7,7.5,0.47551127656459863,2.344719502709091,1.56,3.41,0.5680804645050146,1.1723597513636366,0.78,1.705,0.2840402322524495,22.85923594927272,19.6,33.0,2.0528029690224767,754.0,390.0,45.0,25.461896067415733,17.88,44.49,2.893664290194108,61.47231741573034,37.73,72.21,5.477488603476529,450.3441573033708,405.65,551.48,22.03494647044849,14.45,4.8,8.15
Experiment 3,R2T1,1,307.0,66.0,271.0,36.0,48.0,40.0,29.5,870.0,R2,6.723076923074074,5.9,7.7,0.43317905512328464,2.7215099715090907,1.56,3.53,0.4152957428884952,1.3607549857454544,0.78,1.765,0.20764787144426441,22.644089614000002,19.2,32.4,1.8828101087911522,706.0,380.0,45.0,25.461896067415733,17.88,44.49,2.893664290194108,61.47231741573034,37.73,72.21,5.477488603476529,450.3441573033708,405.65,551.48,22.03494647044849,14.45,4.8,8.15
Experiment 3,R2T1,2,341.0,80.0,303.0,37.0,61.0,41.0,31.5,992.0,R2,6.723076923074074,5.9,7.7,0.43317905512328464,2.7215099715090907,1.56,3.53,0.4152957428884952,1.3607549857454544,0.78,1.765,0.20764787144426441,22.644089614000002,19.2,32.4,1.8828101087911522,706.0,380.0,45.0,25.461896067415733,17.88,44.49,2.893664290194108,61.47231741573034,37.73,72.21,5.477488603476529,450.3441573033708,405.65,551.48,22.03494647044849,14.45,4.8,8.15
Experiment 3,R2T1,3,375.0,77.0,330.0,52.0,59.0,45.0,32.5,1056.0,R2,6.723076923074074,5.9,7.7,0.43317905512328464,2.7215099715090907,1.56,3.53,0.4152957428884952,1.3607549857454544,0.78,1.765,0.20764787144426441,22.644089614000002,19.2,32.4,1.8828101087911522,706.0,380.0,45.0,25.461896067415733,17.88,44.49,2.893664290194108,61.47231741573034,37.73,72.21,5.477488603476529,450.3441573033708,405.65,551.48,22.03494647044849,14.45,4.8,8.15
Experiment 3,R2T1,4,406.0,72.0,359.0,44.0,54.0,47.0,33.5,1120.0,R2,6.723076923074074,5.9,7.7,0.43317905512328464,2.7215099715090907,1.56,3.53,0.4152957428884952,1.3607549857454544,0.78,1.765,0.20764787144426441,22.644089614000002,19.2,32.4,1.8828101087911522,706.0,380.0,45.0,25.461896067415733,17.88,44.49,2.893664290194108,61.47231741573034,37.73,72.21,5.477488603476529,450.3441573033708,405.65,551.48,22.03494647044849,14.45,4.8,8.15
Experiment 3,R2T1,5,354.0,75.0,305.0,44.0,55.0,44.0,29.5,870.0,R2,6.723076923074074,5.9,7.7,0.43317905512328464,2.7215099715090907,1.56,3.53,0.4152957428884952,1.3607549857454544,0.78,1.765,0.20764787144426441,22.644089614000002,19.2,32.4,1.8828101087911522,706.0,380.0,45.0,25.461896067415733,17.88,44.49,2.893664290194108,61.47231741573034,37.73,72.21,5.477488603476529,450.3441573033708,405.65,551.48,22.03494647044849,14.45,4.8,8.15
Experiment 3,R2T1,6,344.0,73.0,304.0,40.0,57.0,48.0,30.0,899.0,R2,6.723076923074074,5.9,7.7,0.43317905512328464,2.7215099715090907,1.56,3.53,0.4152957428884952,1.3607549857454544,0.78,1.765,0.20764787144426441,22.644089614000002,19.2,32.4,1.8828101087911522,706.0,380.0,45.0,25.461896067415733,17.88,44.49,2.893664290194108,61.47231741573034,37.73,72.21,5.477488603476529,450.3441573033708,405.65,551.48,22.03494647044849,14.45,4.8,8.15
Experiment 3,R2T1,7,351.0,71.0,313.0,37.0,53.0,45.0,30.0,899.0,R2,6.723076923074074,5.9,7.7,0.43317905512328464,2.7215099715090907,1.56,3.53,0.4152957428884952,1.3607549857454544,0.78,1.765,0.20764787144426441,22.644089614000002,19.2,32.4,1.8828101087911522,706.0,380.0,45.0,25.461896067415733,17.88,44.49,2.893664290194108,61.47231741573034,37.73,72.21,5.477488603476529,450.3441573033708,405.65,551.48,22.03494647044849,14.45,4.8,8.15
Experiment 3,R2T1,8,378.0,60.0,330.0,43.0,39.0,44.0,34.0,1155.0,R2,6.723076923074074,5.9,7.7,0.43317905512328464,2.7215099715090907,1.56,3.53,0.4152957428884952,1.3607549857454544,0.78,1.765,0.20764787144426441,22.644089614000002,19.2,32.4,1.8828101087911522,706.0,380.0,45.0,25.461896067415733,17.88,44.49,2.893664290194108,61.47231741573034,37.73,72.21,5.477488603476529,450.3441573033708,405.65,551.48,22.03494647044849,14.45,4.8,8.15
Experiment 3,R2T1,9,371.0,78.0,330.0,38.0,57.0,49.0,30.5,928.0,R2,6.723076923074074,5.9,7.7,0.43317905512328464,2.7215099715090907,1.56,3.53,0.4152957428884952,1.3607549857454544,0.78,1.765,0.20764787144426441,22.644089614000002,19.2,32.4,1.8828101087911522,706.0,380.0,45.0,25.461896067415733,17.88,44.49,2.893664290194108,61.47231741573034,37.73,72.21,5.477488603476529,450.3441573033708,405.65,551.48,22.03494647044849,14.45,4.8,8.15
Experiment 3,R2T1,10,397.0,77.0,351.0,45.0,54.0,44.0,31.5,990.0,R2,6.723076923074074,5.9,7.7,0.43317905512328464,2.7215099715090907,1.56,3.53,0.4152957428884952,1.3607549857454544,0.78,1.765,0.20764787144426441,22.644089614000002,19.2,32.4,1.8828101087911522,706.0,380.0,45.0,25.461896067415733,17.88,44.49,2.893664290194108,61.47231741573034,37.73,72.21,5.477488603476529,450.3441573033708,405.65,551.48,22.03494647044849,14.45,4.8,8.15
Experiment 3,R2T1,11,388.0,75.0,342.0,46.0,54.0,46.0,34.0,1156.0,R2,6.723076923074074,5.9,7.7,0.43317905512328464,2.7215099715090907,1.56,3.53,0.4152957428884952,1.3607549857454544,0.78,1.765,0.20764787144426441,22.644089614000002,19.2,32.4,1.8828101087911522,706.0,380.0,45.0,25.461896067415733,17.88,44.49,2.893664290194108,61.47231741573034,37.73,72.21,5.477488603476529,450.3441573033708,405.65,551.48,22.03494647044849,14.45,4.8,8.15
Experiment 3,R2T1,12,312.0,63.0,274.0,38.0,44.0,41.0,29.5,870.0,R2,6.723076923074074,5.9,7.7,0.43317905512328464,2.7215099715090907,1.56,3.53,0.4152957428884952,1.3607549857454544,0.78,1.765,0.20764787144426441,22.644089614000002,19.2,32.4,1.8828101087911522,706.0,380.0,45.0,25.461896067415733,17.88,44.49,2.893664290194108,61.47231741573034,37.73,72.21,5.477488603476529,450.3441573033708,405.65,551.48,22.03494647044849,14.45,4.8,8.15
Experiment 3,R3T1,1,279.0,66.0,249.0,28.0,48.0,40.0,30.0,899.0,R3,6.828846153833333,6.0,7.6,0.4656157451532314,2.371314685309091,1.55,3.61,0.520443239586866,1.1856573426545456,0.775,1.805,0.260221619793433,22.328373113888883,19.1,31.0,1.793287928640377,734.0,360.0,45.0,25.461896067415733,17.88,44.49,2.893664290194108,61.47231741573034,37.73,72.21,5.477488603476529,450.3441573033708,405.65,551.48,22.03494647044849,14.45,4.8,8.15
Experiment 3,R3T1,2,271.0,71.0,240.0,30.0,52.0,36.0,28.5,812.0,R3,6.828846153833333,6.0,7.6,0.4656157451532314,2.371314685309091,1.55,3.61,0.520443239586866,1.1856573426545456,0.775,1.805,0.260221619793433,22.328373113888883,19.1,31.0,1.793287928640377,734.0,360.0,45.0,25.461896067415733,17.88,44.49,2.893664290194108,61.47231741573034,37.73,72.21,5.477488603476529,450.3441573033708,405.65,551.48,22.03494647044849,14.45,4.8,8.15
Experiment 3,R3T1,3,257.0,50.0,223.0,26.0,34.0,36.0,27.5,754.0,R3,6.828846153833333,6.0,7.6,0.4656157451532314,2.371314685309091,1.55,3.61,0.520443239586866,1.1856573426545456,0.775,1.805,0.260221619793433,22.328373113888883,19.1,31.0,1.793287928640377,734.0,360.0,45.0,25.461896067415733,17.88,44.49,2.893664290194108,61.47231741573034,37.73,72.21,5.477488603476529,450.3441573033708,405.65,551.48,22.03494647044849,14.45,4.8,8.15
Experiment 3,R3T1,4,301.0,68.0,260.0,36.0,47.0,39.0,28.5,810.0,R3,6.828846153833333,6.0,7.6,0.4656157451532314,2.371314685309091,1.55,3.61,0.520443239586866,1.1856573426545456,0.775,1.805,0.260221619793433,22.328373113888883,19.1,31.0,1.793287928640377,734.0,360.0,45.0,25.461896067415733,17.88,44.49,2.893664290194108,61.47231741573034,37.73,72.21,5.477488603476529,450.3441573033708,405.65,551.48,22.03494647044849,14.45,4.8,8.15
Experiment 3,R3T1,5,290.0,64.0,261.0,29.0,44.0,41.0,29.0,841.0,R3,6.828846153833333,6.0,7.6,0.4656157451532314,2.371314685309091,1.55,3.61,0.520443239586866,1.1856573426545456,0.775,1.805,0.260221619793433,22.328373113888883,19.1,31.0,1.793287928640377,734.0,360.0,45.0,25.461896067415733,17.88,44.49,2.893664290194108,61.47231741573034,37.73,72.21,5.477488603476529,450.3441573033708,405.65,551.48,22.03494647044849,14.45,4.8,8.15
Experiment 3,R3T1,6,307.0,69.0,274.0,32.0,52.0,43.0,32.5,1056.0,R3,6.828846153833333,6.0,7.6,0.4656157451532314,2.371314685309091,1.55,3.61,0.520443239586866,1.1856573426545456,0.775,1.805,0.260221619793433,22.328373113888883,19.1,31.0,1.793287928640377,734.0,360.0,45.0,25.461896067415733,17.88,44.49,2.893664290194108,61.47231741573034,37.73,72.21,5.477488603476529,450.3441573033708,405.65,551.48,22.03494647044849,14.45,4.8,8.15
Experiment 3,R3T1,7,294.0,67.0,258.0,35.0,47.0,37.0,32.0,1023.0,R3,6.828846153833333,6.0,7.6,0.4656157451532314,2.371314685309091,1.55,3.61,0.520443239586866,1.1856573426545456,0.775,1.805,0.260221619793433,22.328373113888883,19.1,31.0,1.793287928640377,734.0,360.0,45.0,25.461896067415733,17.88,44.49,2.893664290194108,61.47231741573034,37.73,72.21,5.477488603476529,450.3441573033708,405.65,551.48,22.03494647044849,14.45,4.8,8.15
Experiment 3,R3T1,8,347.0,69.0,314.0,31.0,51.0,47.0,30.5,928.0,R3,6.828846153833333,6.0,7.6,0.4656157451532314,2.371314685309091,1.55,3.61,0.520443239586866,1.1856573426545456,0.775,1.805,0.260221619793433,22.328373113888883,19.1,31.0,1.793287928640377,734.0,360.0,45.0,25.461896067415733,17.88,44.49,2.893664290194108,61.47231741573034,37.73,72.21,5.477488603476529,450.3441573033708,405.65,551.48,22.03494647044849,14.45,4.8,8.15
Experiment 3,R3T1,9,328.0,74.0,291.0,35.0,55.0,42.0,32.0,1023.0,R3,6.828846153833333,6.0,7.6,0.4656157451532314,2.371314685309091,1.55,3.61,0.520443239586866,1.1856573426545456,0.775,1.805,0.260221619793433,22.328373113888883,19.1,31.0,1.793287928640377,734.0,360.0,45.0,25.461896067415733,17.88,44.49,2.893664290194108,61.47231741573034,37.73,72.21,5.477488603476529,450.3441573033708,405.65,551.48,22.03494647044849,14.45,4.8,8.15
Experiment 3,R3T1,10,203.0,59.0,180.0,23.0,41.0,28.0,29.5,870.0,R3,6.828846153833333,6.0,7.6,0.4656157451532314,2.371314685309091,1.55,3.61,0.520443239586866,1.1856573426545456,0.775,1.805,0.260221619793433,22.328373113888883,19.1,31.0,1.793287928640377,734.0,360.0,45.0,25.461896067415733,17.88,44.49,2.893664290194108,61.47231741573034,37.73,72.21,5.477488603476529,450.3441573033708,405.65,551.48,22.03494647044849,14.45,4.8,8.15
Experiment 3,R3T1,11,226.0,80.0,202.0,23.0,64.0,37.0,27.0,729.0,R3,6.828846153833333,6.0,7.6,0.4656157451532314,2.371314685309091,1.55,3.61,0.520443239586866,1.1856573426545456,0.775,1.805,0.260221619793433,22.328373113888883,19.1,31.0,1.793287928640377,734.0,360.0,45.0,25.461896067415733,17.88,44.49,2.893664290194108,61.47231741573034,37.73,72.21,5.477488603476529,450.3441573033708,405.65,551.48,22.03494647044849,14.45,4.8,8.15
Experiment 3,R3T1,12,274.0,90.0,246.0,28.0,72.0,43.0,24.5,600.0,R3,6.828846153833333,6.0,7.6,0.4656157451532314,2.371314685309091,1.55,3.61,0.520443239586866,1.1856573426545456,0.775,1.805,0.260221619793433,22.328373113888883,19.1,31.0,1.793287928640377,734.0,360.0,45.0,25.461896067415733,17.88,44.49,2.893664290194108,61.47231741573034,37.73,72.21,5.477488603476529,450.3441573033708,405.65,551.48,22.03494647044849,14.45,4.8,8.15
Experiment 3,R1T2,1,175.0,75.0,158.0,17.0,59.0,33.0,25.5,648.0,R1,7.180894375851851,2.0,7.7,0.7492740574990945,2.247837037037037,1.06,3.2,0.5131258889273831,1.1239185185185185,0.53,1.6,0.25656294446369154,22.306647314905653,19.0,31.3,1.8197382244431504,736.0,360.0,45.0,25.461896067415733,17.88,44.49,2.893664290194108,61.47231741573034,37.73,72.21,5.477488603476529,450.3441573033708,405.65,551.48,22.03494647044849,14.45,4.8,8.15
Experiment 3,R1T2,2,234.0,67.0,224.0,4.0,47.0,34.0,25.0,624.0,R1,7.180894375851851,2.0,7.7,0.7492740574990945,2.247837037037037,1.06,3.2,0.5131258889273831,1.1239185185185185,0.53,1.6,0.25656294446369154,22.306647314905653,19.0,31.3,1.8197382244431504,736.0,360.0,45.0,25.461896067415733,17.88,44.49,2.893664290194108,61.47231741573034,37.73,72.21,5.477488603476529,450.3441573033708,405.65,551.48,22.03494647044849,14.45,4.8,8.15
Experiment 3,R1T2,3,259.0,78.0,227.0,29.0,61.0,43.0,29.5,870.0,R1,7.180894375851851,2.0,7.7,0.7492740574990945,2.247837037037037,1.06,3.2,0.5131258889273831,1.1239185185185185,0.53,1.6,0.25656294446369154,22.306647314905653,19.0,31.3,1.8197382244431504,736.0,360.0,45.0,25.461896067415733,17.88,44.49,2.893664290194108,61.47231741573034,37.73,72.21,5.477488603476529,450.3441573033708,405.65,551.48,22.03494647044849,14.45,4.8,8.15
Experiment 3,R1T2,4,275.0,72.0,243.0,28.0,54.0,38.0,28.5,810.0,R1,7.180894375851851,2.0,7.7,0.7492740574990945,2.247837037037037,1.06,3.2,0.5131258889273831,1.1239185185185185,0.53,1.6,0.25656294446369154,22.306647314905653,19.0,31.3,1.8197382244431504,736.0,360.0,45.0,25.461896067415733,17.88,44.49,2.893664290194108,61.47231741573034,37.73,72.21,5.477488603476529,450.3441573033708,405.65,551.48,22.03494647044849,14.45,4.8,8.15
Experiment 3,R1T2,5,266.0,62.0,235.0,27.0,45.0,35.0,27.5,756.0,R1,7.180894375851851,2.0,7.7,0.7492740574990945,2.247837037037037,1.06,3.2,0.5131258889273831,1.1239185185185185,0.53,1.6,0.25656294446369154,22.306647314905653,19.0,31.3,1.8197382244431504,736.0,360.0,45.0,25.461896067415733,17.88,44.49,2.893664290194108,61.47231741573034,37.73,72.21,5.477488603476529,450.3441573033708,405.65,551.48,22.03494647044849,14.45,4.8,8.15
Experiment 3,R1T2,6,266.0,80.0,212.0,47.0,62.0,35.0,29.5,868.0,R1,7.180894375851851,2.0,7.7,0.7492740574990945,2.247837037037037,1.06,3.2,0.5131258889273831,1.1239185185185185,0.53,1.6,0.25656294446369154,22.306647314905653,19.0,31.3,1.8197382244431504,736.0,360.0,45.0,25.461896067415733,17.88,44.49,2.893664290194108,61.47231741573034,37.73,72.21,5.477488603476529,450.3441573033708,405.65,551.48,22.03494647044849,14.45,4.8,8.15
Experiment 3,R1T2,7,226.0,60.0,193.0,14.0,43.0,33.0,24.5,600.0,R1,7.180894375851851,2.0,7.7,0.7492740574990945,2.247837037037037,1.06,3.2,0.5131258889273831,1.1239185185185185,0.53,1.6,0.25656294446369154,22.306647314905653,19.0,31.3,1.8197382244431504,736.0,360.0,45.0,25.461896067415733,17.88,44.49,2.893664290194108,61.47231741573034,37.73,72.21,5.477488603476529,450.3441573033708,405.65,551.48,22.03494647044849,14.45,4.8,8.15
Experiment 3,R1T2,8,264.0,58.0,234.0,30.0,39.0,34.0,24.5,594.0,R1,7.180894375851851,2.0,7.7,0.7492740574990945,2.247837037037037,1.06,3.2,0.5131258889273831,1.1239185185185185,0.53,1.6,0.25656294446369154,22.306647314905653,19.0,31.3,1.8197382244431504,736.0,360.0,45.0,25.461896067415733,17.88,44.49,2.893664290194108,61.47231741573034,37.73,72.21,5.477488603476529,450.3441573033708,405.65,551.48,22.03494647044849,14.45,4.8,8.15
Experiment 3,R1T2,9,277.0,57.0,249.0,28.0,39.0,40.0,30.5,928.0,R1,7.180894375851851,2.0,7.7,0.7492740574990945,2.247837037037037,1.06,3.2,0.5131258889273831,1.1239185185185185,0.53,1.6,0.25656294446369154,22.306647314905653,19.0,31.3,1.8197382244431504,736.0,360.0,45.0,25.461896067415733,17.88,44.49,2.893664290194108,61.47231741573034,37.73,72.21,5.477488603476529,450.3441573033708,405.65,551.48,22.03494647044849,14.45,4.8,8.15
Experiment 3,R1T2,10,238.0,68.0,200.0,30.0,52.0,36.0,27.5,750.0,R1,7.180894375851851,2.0,7.7,0.7492740574990945,2.247837037037037,1.06,3.2,0.5131258889273831,1.1239185185185185,0.53,1.6,0.25656294446369154,22.306647314905653,19.0,31.3,1.8197382244431504,736.0,360.0,45.0,25.461896067415733,17.88,44.49,2.893664290194108,61.47231741573034,37.73,72.21,5.477488603476529,450.3441573033708,405.65,551.48,22.03494647044849,14.45,4.8,8.15
Experiment 3,R1T2,11,282.0,55.0,256.0,26.0,37.0,49.0,31.0,960.0,R1,7.180894375851851,2.0,7.7,0.7492740574990945,2.247837037037037,1.06,3.2,0.5131258889273831,1.1239185185185185,0.53,1.6,0.25656294446369154,22.306647314905653,19.0,31.3,1.8197382244431504,736.0,360.0,45.0,25.461896067415733,17.88,44.49,2.893664290194108,61.47231741573034,37.73,72.21,5.477488603476529,450.3441573033708,405.65,551.48,22.03494647044849,14.45,4.8,8.15
Experiment 3,R1T2,12,234.0,61.0,206.0,27.0,43.0,37.0,24.5,600.0,R1,7.180894375851851,2.0,7.7,0.7492740574990945,2.247837037037037,1.06,3.2,0.5131258889273831,1.1239185185185185,0.53,1.6,0.25656294446369154,22.306647314905653,19.0,31.3,1.8197382244431504,736.0,360.0,45.0,25.461896067415733,17.88,44.49,2.893664290194108,61.47231741573034,37.73,72.21,5.477488603476529,450.3441573033708,405.65,551.48,22.03494647044849,14.45,4.8,8.15
Experiment 3,R2T2,1,244.0,57.0,208.0,35.0,38.0,34.0,24.0,560.0,R2,7.3900000000000015,7.0,7.9,0.21595369874118858,2.2931161103018867,1.6,3.19,0.4858125254628555,1.1465580551509433,0.8,1.595,0.24290626273142776,22.76341654566038,19.1,31.4,2.099985614920503,734.0,370.0,45.0,25.461896067415733,17.88,44.49,2.893664290194108,61.47231741573034,37.73,72.21,5.477488603476529,450.3441573033708,405.65,551.48,22.03494647044849,14.45,4.8,8.15
Experiment 3,R2T2,2,281.0,56.0,244.0,36.0,39.0,37.0,27.5,756.0,R2,7.3900000000000015,7.0,7.9,0.21595369874118858,2.2931161103018867,1.6,3.19,0.4858125254628555,1.1465580551509433,0.8,1.595,0.24290626273142776,22.76341654566038,19.1,31.4,2.099985614920503,734.0,370.0,45.0,25.461896067415733,17.88,44.49,2.893664290194108,61.47231741573034,37.73,72.21,5.477488603476529,450.3441573033708,405.65,551.48,22.03494647044849,14.45,4.8,8.15
Experiment 3,R2T2,3,292.0,62.0,251.0,37.0,44.0,43.0,27.0,728.0,R2,7.3900000000000015,7.0,7.9,0.21595369874118858,2.2931161103018867,1.6,3.19,0.4858125254628555,1.1465580551509433,0.8,1.595,0.24290626273142776,22.76341654566038,19.1,31.4,2.099985614920503,734.0,370.0,45.0,25.461896067415733,17.88,44.49,2.893664290194108,61.47231741573034,37.73,72.21,5.477488603476529,450.3441573033708,405.65,551.48,22.03494647044849,14.45,4.8,8.15
Experiment 3,R2T2,4,260.0,71.0,221.0,37.0,53.0,38.0,25.0,621.0,R2,7.3900000000000015,7.0,7.9,0.21595369874118858,2.2931161103018867,1.6,3.19,0.4858125254628555,1.1465580551509433,0.8,1.595,0.24290626273142776,22.76341654566038,19.1,31.4,2.099985614920503,734.0,370.0,45.0,25.461896067415733,17.88,44.49,2.893664290194108,61.47231741573034,37.73,72.21,5.477488603476529,450.3441573033708,405.65,551.48,22.03494647044849,14.45,4.8,8.15
Experiment 3,R2T2,5,315.0,67.0,264.0,44.0,48.0,43.0,28.0,783.0,R2,7.3900000000000015,7.0,7.9,0.21595369874118858,2.2931161103018867,1.6,3.19,0.4858125254628555,1.1465580551509433,0.8,1.595,0.24290626273142776,22.76341654566038,19.1,31.4,2.099985614920503,734.0,370.0,45.0,25.461896067415733,17.88,44.49,2.893664290194108,61.47231741573034,37.73,72.21,5.477488603476529,450.3441573033708,405.65,551.48,22.03494647044849,14.45,4.8,8.15
Experiment 3,R2T2,6,282.0,60.0,242.0,38.0,41.0,39.0,23.0,528.0,R2,7.3900000000000015,7.0,7.9,0.21595369874118858,2.2931161103018867,1.6,3.19,0.4858125254628555,1.1465580551509433,0.8,1.595,0.24290626273142776,22.76341654566038,19.1,31.4,2.099985614920503,734.0,370.0,45.0,25.461896067415733,17.88,44.49,2.893664290194108,61.47231741573034,37.73,72.21,5.477488603476529,450.3441573033708,405.65,551.48,22.03494647044849,14.45,4.8,8.15
Experiment 3,R2T2,7,274.0,63.0,232.0,38.0,44.0,45.0,28.0,783.0,R2,7.3900000000000015,7.0,7.9,0.21595369874118858,2.2931161103018867,1.6,3.19,0.4858125254628555,1.1465580551509433,0.8,1.595,0.24290626273142776,22.76341654566038,19.1,31.4,2.099985614920503,734.0,370.0,45.0,25.461896067415733,17.88,44.49,2.893664290194108,61.47231741573034,37.73,72.21,5.477488603476529,450.3441573033708,405.65,551.48,22.03494647044849,14.45,4.8,8.15
Experiment 3,R2T2,8,290.0,62.0,245.0,39.0,43.0,34.0,29.5,870.0,R2,7.3900000000000015,7.0,7.9,0.21595369874118858,2.2931161103018867,1.6,3.19,0.4858125254628555,1.1465580551509433,0.8,1.595,0.24290626273142776,22.76341654566038,19.1,31.4,2.099985614920503,734.0,370.0,45.0,25.461896067415733,17.88,44.49,2.893664290194108,61.47231741573034,37.73,72.21,5.477488603476529,450.3441573033708,405.65,551.48,22.03494647044849,14.45,4.8,8.15
Experiment 3,R2T2,9,260.0,72.0,216.0,38.0,54.0,40.0,27.0,728.0,R2,7.3900000000000015,7.0,7.9,0.21595369874118858,2.2931161103018867,1.6,3.19,0.4858125254628555,1.1465580551509433,0.8,1.595,0.24290626273142776,22.76341654566038,19.1,31.4,2.099985614920503,734.0,370.0,45.0,25.461896067415733,17.88,44.49,2.893664290194108,61.47231741573034,37.73,72.21,5.477488603476529,450.3441573033708,405.65,551.48,22.03494647044849,14.45,4.8,8.15
Experiment 3,R2T2,10,240.0,64.0,200.0,34.0,45.0,37.0,27.5,756.0,R2,7.3900000000000015,7.0,7.9,0.21595369874118858,2.2931161103018867,1.6,3.19,0.4858125254628555,1.1465580551509433,0.8,1.595,0.24290626273142776,22.76341654566038,19.1,31.4,2.099985614920503,734.0,370.0,45.0,25.461896067415733,17.88,44.49,2.893664290194108,61.47231741573034,37.73,72.21,5.477488603476529,450.3441573033708,405.65,551.48,22.03494647044849,14.45,4.8,8.15
Experiment 3,R2T2,11,264.0,56.0,227.0,36.0,39.0,45.0,25.5,648.0,R2,7.3900000000000015,7.0,7.9,0.21595369874118858,2.2931161103018867,1.6,3.19,0.4858125254628555,1.1465580551509433,0.8,1.595,0.24290626273142776,22.76341654566038,19.1,31.4,2.099985614920503,734.0,370.0,45.0,25.461896067415733,17.88,44.49,2.893664290194108,61.47231741573034,37.73,72.21,5.477488603476529,450.3441573033708,405.65,551.48,22.03494647044849,14.45,4.8,8.15
Experiment 3,R2T2,12,250.0,54.0,212.0,34.0,38.0,46.0,23.0,529.0,R2,7.3900000000000015,7.0,7.9,0.21595369874118858,2.2931161103018867,1.6,3.19,0.4858125254628555,1.1465580551509433,0.8,1.595,0.24290626273142776,22.76341654566038,19.1,31.4,2.099985614920503,734.0,370.0,45.0,25.461896067415733,17.88,44.49,2.893664290194108,61.47231741573034,37.73,72.21,5.477488603476529,450.3441573033708,405.65,551.48,22.03494647044849,14.45,4.8,8.15
Experiment 3,R3T2,1,241.0,63.0,205.0,35.0,48.0,38.0,26.0,667.0,R3,7.42,6.8,8.0,0.24573782151528267,2.3709579100188676,1.57,3.16,0.5444938468945837,1.1854789549999998,0.785,1.58,0.27224692344677537,22.915379084901957,19.6,32.7,1.964643275126633,740.0,380.0,45.0,25.461896067415733,17.88,44.49,2.893664290194108,61.47231741573034,37.73,72.21,5.477488603476529,450.3441573033708,405.65,551.48,22.03494647044849,14.45,4.8,8.15
Experiment 3,R3T2,2,244.0,78.0,203.0,39.0,60.0,42.0,23.5,552.0,R3,7.42,6.8,8.0,0.24573782151528267,2.3709579100188676,1.57,3.16,0.5444938468945837,1.1854789549999998,0.785,1.58,0.27224692344677537,22.915379084901957,19.6,32.7,1.964643275126633,740.0,380.0,45.0,25.461896067415733,17.88,44.49,2.893664290194108,61.47231741573034,37.73,72.21,5.477488603476529,450.3441573033708,405.65,551.48,22.03494647044849,14.45,4.8,8.15
Experiment 3,R3T2,3,203.0,75.0,167.0,32.0,58.0,37.0,23.0,528.0,R3,7.42,6.8,8.0,0.24573782151528267,2.3709579100188676,1.57,3.16,0.5444938468945837,1.1854789549999998,0.785,1.58,0.27224692344677537,22.915379084901957,19.6,32.7,1.964643275126633,740.0,380.0,45.0,25.461896067415733,17.88,44.49,2.893664290194108,61.47231741573034,37.73,72.21,5.477488603476529,450.3441573033708,405.65,551.48,22.03494647044849,14.45,4.8,8.15
Experiment 3,R3T2,4,304.0,59.0,255.0,40.0,43.0,42.0,27.5,756.0,R3,7.42,6.8,8.0,0.24573782151528267,2.3709579100188676,1.57,3.16,0.5444938468945837,1.1854789549999998,0.785,1.58,0.27224692344677537,22.915379084901957,19.6,32.7,1.964643275126633,740.0,380.0,45.0,25.461896067415733,17.88,44.49,2.893664290194108,61.47231741573034,37.73,72.21,5.477488603476529,450.3441573033708,405.65,551.48,22.03494647044849,14.45,4.8,8.15
Experiment 3,R3T2,5,268.0,72.0,217.0,40.0,54.0,39.0,26.0,675.0,R3,7.42,6.8,8.0,0.24573782151528267,2.3709579100188676,1.57,3.16,0.5444938468945837,1.1854789549999998,0.785,1.58,0.27224692344677537,22.915379084901957,19.6,32.7,1.964643275126633,740.0,380.0,45.0,25.461896067415733,17.88,44.49,2.893664290194108,61.47231741573034,37.73,72.21,5.477488603476529,450.3441573033708,405.65,551.48,22.03494647044849,14.45,4.8,8.15
Experiment 3,R3T2,6,254.0,50.0,216.0,38.0,30.0,41.0,26.0,675.0,R3,7.42,6.8,8.0,0.24573782151528267,2.3709579100188676,1.57,3.16,0.5444938468945837,1.1854789549999998,0.785,1.58,0.27224692344677537,22.915379084901957,19.6,32.7,1.964643275126633,740.0,380.0,45.0,25.461896067415733,17.88,44.49,2.893664290194108,61.47231741573034,37.73,72.21,5.477488603476529,450.3441573033708,405.65,551.48,22.03494647044849,14.45,4.8,8.15
Experiment 3,R3T2,7,235.0,57.0,210.0,16.0,37.0,37.0,27.0,725.0,R3,7.42,6.8,8.0,0.24573782151528267,2.3709579100188676,1.57,3.16,0.5444938468945837,1.1854789549999998,0.785,1.58,0.27224692344677537,22.915379084901957,19.6,32.7,1.964643275126633,740.0,380.0,45.0,25.461896067415733,17.88,44.49,2.893664290194108,61.47231741573034,37.73,72.21,5.477488603476529,450.3441573033708,405.65,551.48,22.03494647044849,14.45,4.8,8.15
Experiment 3,R3T2,8,221.0,54.0,184.0,34.0,36.0,37.0,23.0,528.0,R3,7.42,6.8,8.0,0.24573782151528267,2.3709579100188676,1.57,3.16,0.5444938468945837,1.1854789549999998,0.785,1.58,0.27224692344677537,22.915379084901957,19.6,32.7,1.964643275126633,740.0,380.0,45.0,25.461896067415733,17.88,44.49,2.893664290194108,61.47231741573034,37.73,72.21,5.477488603476529,450.3441573033708,405.65,551.48,22.03494647044849,14.45,4.8,8.15
Experiment 3,R3T2,9,224.0,62.0,187.0,34.0,45.0,35.0,25.0,625.0,R3,7.42,6.8,8.0,0.24573782151528267,2.3709579100188676,1.57,3.16,0.5444938468945837,1.1854789549999998,0.785,1.58,0.27224692344677537,22.915379084901957,19.6,32.7,1.964643275126633,740.0,380.0,45.0,25.461896067415733,17.88,44.49,2.893664290194108,61.47231741573034,37.73,72.21,5.477488603476529,450.3441573033708,405.65,551.48,22.03494647044849,14.45,4.8,8.15
Experiment 3,R3T2,10,200.0,55.0,162.0,34.0,39.0,36.0,22.0,483.0,R3,7.42,6.8,8.0,0.24573782151528267,2.3709579100188676,1.57,3.16,0.5444938468945837,1.1854789549999998,0.785,1.58,0.27224692344677537,22.915379084901957,19.6,32.7,1.964643275126633,740.0,380.0,45.0,25.461896067415733,17.88,44.49,2.893664290194108,61.47231741573034,37.73,72.21,5.477488603476529,450.3441573033708,405.65,551.48,22.03494647044849,14.45,4.8,8.15
Experiment 3,R3T2,11,282.0,56.0,236.0,44.0,40.0,44.0,23.5,552.0,R3,7.42,6.8,8.0,0.24573782151528267,2.3709579100188676,1.57,3.16,0.5444938468945837,1.1854789549999998,0.785,1.58,0.27224692344677537,22.915379084901957,19.6,32.7,1.964643275126633,740.0,380.0,45.0,25.461896067415733,17.88,44.49,2.893664290194108,61.47231741573034,37.73,72.21,5.477488603476529,450.3441573033708,405.65,551.48,22.03494647044849,14.45,4.8,8.15
Experiment 3,R3T2,12,223.0,57.0,191.0,32.0,42.0,36.0,26.0,667.0,R3,7.42,6.8,8.0,0.24573782151528267,2.3709579100188676,1.57,3.16,0.5444938468945837,1.1854789549999998,0.785,1.58,0.27224692344677537,22.915379084901957,19.6,32.7,1.964643275126633,740.0,380.0,45.0,25.461896067415733,17.88,44.49,2.893664290194108,61.47231741573034,37.73,72.21,5.477488603476529,450.3441573033708,405.65,551.48,22.03494647044849,14.45,4.8,8.15
